Trial,Model,SK RMS,SK Error %,SK R2,SK R2 (normalized)
0,"budgetSquare,runtimeSquare,year -> popularityNorm",2.81132040099,361.1890810788754,0.129233157667
1,"budgetSquare,runtimeSquare,Cast_121323_Bess Flowers,Cast_113_Christopher Lee,Cast_4165_John Wayne,Cast_2231_Samuel L. Jackson,Cast_3895_Michael Caine,Cast-Seg-1,Cast-Seg-2,Cast-Seg-3,Cast-Seg-4 -> popularityNorm",3.08402194122,292.4468193475438,0.106021375753
2,"budgetSquare,runtimeSquare,Crew_9062_Cedric Gibbons,Crew_2952_Avy Kaufman,Crew_4350_Edith Head,Crew_102429_Roger Corman,Crew_1259_Ennio Morricone,Crew-Seg-1,Crew-Seg-2,Crew-Seg-3,Crew-Seg-4 -> popularityNorm",3.19968899188,399.1100366948938,0.103348445389
3,"budgetSquare,runtimeSquare,Genre_18_Drama,Genre_35_Comedy,Genre_53_Thriller,Genre_10749_Romance,Genre_28_Action,Genre-Seg-1,Genre-Seg-2 -> popularityNorm",3.02045323326,318.4297110611012,0.118577797358
4,"budgetSquare,runtimeSquare,Production Company_6194_Warner Bros.,Production Company_8411_Metro-Goldwyn-Mayer (MGM),Production Company_4_Paramount Pictures,Production Company_306_Twentieth Century Fox Film Corporation,Production Company_33_Universal Pictures -> popularityNorm",2.81459025911,245.1334163330853,0.129762953934
5,"budgetSquare,runtimeSquare,Jan,Feb,Mar,Apr,May,Jun,Jul,Aug,Sep,Oct,Nov -> popularityNorm",3.07217510924,292.05731773797316,0.123135186793
6,"budgetSquare,runtimeSquare,Production Country_US_United States of America,Production Country_GB_United Kingdom,Production Country_FR_France,Production Country_DE_Germany,Production Country_IT_Italy,Production Country-Seg-1,Production Country-Seg-2,Production Country-Seg-3 -> popularityNorm",3.3777676929,288.0558977055566,0.0883181039104
7,"budgetSquare,runtimeSquare,year,Cast_121323_Bess Flowers,Cast_113_Christopher Lee,Cast_4165_John Wayne,Cast_2231_Samuel L. Jackson,Cast_3895_Michael Caine,Cast-Seg-1,Cast-Seg-2,Cast-Seg-3,Cast-Seg-4 -> popularityNorm",3.26724995313,284.03482196705664,0.112971352947
8,"budgetSquare,runtimeSquare,year,Crew_9062_Cedric Gibbons,Crew_2952_Avy Kaufman,Crew_4350_Edith Head,Crew_102429_Roger Corman,Crew_1259_Ennio Morricone,Crew-Seg-1,Crew-Seg-2,Crew-Seg-3,Crew-Seg-4 -> popularityNorm",3.411067571,323.85838265381255,0.0433865978572
9,"budgetSquare,runtimeSquare,year,Genre_18_Drama,Genre_35_Comedy,Genre_53_Thriller,Genre_10749_Romance,Genre_28_Action,Genre-Seg-1,Genre-Seg-2 -> popularityNorm",3.12360915472,305.5681113465181,0.110604751804
10,"budgetSquare,runtimeSquare,year,Production Company_6194_Warner Bros.,Production Company_8411_Metro-Goldwyn-Mayer (MGM),Production Company_4_Paramount Pictures,Production Company_306_Twentieth Century Fox Film Corporation,Production Company_33_Universal Pictures -> popularityNorm",3.15330701096,361.0457573294609,0.120569374125
11,"budgetSquare,runtimeSquare,year,Jan,Feb,Mar,Apr,May,Jun,Jul,Aug,Sep,Oct,Nov -> popularityNorm",2.67345953979,283.55781350598096,0.133395945215
12,"budgetSquare,runtimeSquare,year,Production Country_US_United States of America,Production Country_GB_United Kingdom,Production Country_FR_France,Production Country_DE_Germany,Production Country_IT_Italy,Production Country-Seg-1,Production Country-Seg-2,Production Country-Seg-3 -> popularityNorm",2.94082124566,331.0117179978482,0.113355523167
13,"budgetSquare,runtimeSquare,Cast_121323_Bess Flowers,Cast_113_Christopher Lee,Cast_4165_John Wayne,Cast_2231_Samuel L. Jackson,Cast_3895_Michael Caine,Cast-Seg-1,Cast-Seg-2,Cast-Seg-3,Cast-Seg-4,Crew_9062_Cedric Gibbons,Crew_2952_Avy Kaufman,Crew_4350_Edith Head,Crew_102429_Roger Corman,Crew_1259_Ennio Morricone,Crew-Seg-1,Crew-Seg-2,Crew-Seg-3,Crew-Seg-4 -> popularityNorm",3.33089440285,306.55817119149185,0.0957959988109
14,"budgetSquare,runtimeSquare,Cast_121323_Bess Flowers,Cast_113_Christopher Lee,Cast_4165_John Wayne,Cast_2231_Samuel L. Jackson,Cast_3895_Michael Caine,Cast-Seg-1,Cast-Seg-2,Cast-Seg-3,Cast-Seg-4,Genre_18_Drama,Genre_35_Comedy,Genre_53_Thriller,Genre_10749_Romance,Genre_28_Action,Genre-Seg-1,Genre-Seg-2 -> popularityNorm",3.52979882377,261.7628664803891,0.0849851985636
15,"budgetSquare,runtimeSquare,Cast_121323_Bess Flowers,Cast_113_Christopher Lee,Cast_4165_John Wayne,Cast_2231_Samuel L. Jackson,Cast_3895_Michael Caine,Cast-Seg-1,Cast-Seg-2,Cast-Seg-3,Cast-Seg-4,Production Company_6194_Warner Bros.,Production Company_8411_Metro-Goldwyn-Mayer (MGM),Production Company_4_Paramount Pictures,Production Company_306_Twentieth Century Fox Film Corporation,Production Company_33_Universal Pictures -> popularityNorm",2.93455648719,384.0496119265043,0.109033642579
16,"budgetSquare,runtimeSquare,Cast_121323_Bess Flowers,Cast_113_Christopher Lee,Cast_4165_John Wayne,Cast_2231_Samuel L. Jackson,Cast_3895_Michael Caine,Cast-Seg-1,Cast-Seg-2,Cast-Seg-3,Cast-Seg-4,Jan,Feb,Mar,Apr,May,Jun,Jul,Aug,Sep,Oct,Nov -> popularityNorm",3.1972746104,498.67484690254133,0.107524159466
17,"budgetSquare,runtimeSquare,Cast_121323_Bess Flowers,Cast_113_Christopher Lee,Cast_4165_John Wayne,Cast_2231_Samuel L. Jackson,Cast_3895_Michael Caine,Cast-Seg-1,Cast-Seg-2,Cast-Seg-3,Cast-Seg-4,Production Country_US_United States of America,Production Country_GB_United Kingdom,Production Country_FR_France,Production Country_DE_Germany,Production Country_IT_Italy,Production Country-Seg-1,Production Country-Seg-2,Production Country-Seg-3 -> popularityNorm",2.96665441026,354.4653508199478,0.0934938862983
18,"budgetSquare,runtimeSquare,Crew_9062_Cedric Gibbons,Crew_2952_Avy Kaufman,Crew_4350_Edith Head,Crew_102429_Roger Corman,Crew_1259_Ennio Morricone,Crew-Seg-1,Crew-Seg-2,Crew-Seg-3,Crew-Seg-4,Genre_18_Drama,Genre_35_Comedy,Genre_53_Thriller,Genre_10749_Romance,Genre_28_Action,Genre-Seg-1,Genre-Seg-2 -> popularityNorm",2.64890528354,278.11839977887416,0.13029007447
19,"budgetSquare,runtimeSquare,Crew_9062_Cedric Gibbons,Crew_2952_Avy Kaufman,Crew_4350_Edith Head,Crew_102429_Roger Corman,Crew_1259_Ennio Morricone,Crew-Seg-1,Crew-Seg-2,Crew-Seg-3,Crew-Seg-4,Production Company_6194_Warner Bros.,Production Company_8411_Metro-Goldwyn-Mayer (MGM),Production Company_4_Paramount Pictures,Production Company_306_Twentieth Century Fox Film Corporation,Production Company_33_Universal Pictures -> popularityNorm",3.58724213911,278.5330164811273,0.124368201375
20,"budgetSquare,runtimeSquare,Crew_9062_Cedric Gibbons,Crew_2952_Avy Kaufman,Crew_4350_Edith Head,Crew_102429_Roger Corman,Crew_1259_Ennio Morricone,Crew-Seg-1,Crew-Seg-2,Crew-Seg-3,Crew-Seg-4,Jan,Feb,Mar,Apr,May,Jun,Jul,Aug,Sep,Oct,Nov -> popularityNorm",2.66005966,345.15311375940246,0.103203127247
21,"budgetSquare,runtimeSquare,Crew_9062_Cedric Gibbons,Crew_2952_Avy Kaufman,Crew_4350_Edith Head,Crew_102429_Roger Corman,Crew_1259_Ennio Morricone,Crew-Seg-1,Crew-Seg-2,Crew-Seg-3,Crew-Seg-4,Production Country_US_United States of America,Production Country_GB_United Kingdom,Production Country_FR_France,Production Country_DE_Germany,Production Country_IT_Italy,Production Country-Seg-1,Production Country-Seg-2,Production Country-Seg-3 -> popularityNorm",3.35591619117,274.69170433756796,0.124404861292
22,"budgetSquare,runtimeSquare,Genre_18_Drama,Genre_35_Comedy,Genre_53_Thriller,Genre_10749_Romance,Genre_28_Action,Genre-Seg-1,Genre-Seg-2,Production Company_6194_Warner Bros.,Production Company_8411_Metro-Goldwyn-Mayer (MGM),Production Company_4_Paramount Pictures,Production Company_306_Twentieth Century Fox Film Corporation,Production Company_33_Universal Pictures -> popularityNorm",2.98464487624,339.3344261733496,0.118143543259
23,"budgetSquare,runtimeSquare,Genre_18_Drama,Genre_35_Comedy,Genre_53_Thriller,Genre_10749_Romance,Genre_28_Action,Genre-Seg-1,Genre-Seg-2,Jan,Feb,Mar,Apr,May,Jun,Jul,Aug,Sep,Oct,Nov -> popularityNorm",3.30717692745,234.93817519544717,0.0990591577865
24,"budgetSquare,runtimeSquare,Genre_18_Drama,Genre_35_Comedy,Genre_53_Thriller,Genre_10749_Romance,Genre_28_Action,Genre-Seg-1,Genre-Seg-2,Production Country_US_United States of America,Production Country_GB_United Kingdom,Production Country_FR_France,Production Country_DE_Germany,Production Country_IT_Italy,Production Country-Seg-1,Production Country-Seg-2,Production Country-Seg-3 -> popularityNorm",3.17065989451,291.52660692163477,0.0854108102524
25,"budgetSquare,runtimeSquare,Production Company_6194_Warner Bros.,Production Company_8411_Metro-Goldwyn-Mayer (MGM),Production Company_4_Paramount Pictures,Production Company_306_Twentieth Century Fox Film Corporation,Production Company_33_Universal Pictures,Jan,Feb,Mar,Apr,May,Jun,Jul,Aug,Sep,Oct,Nov -> popularityNorm",2.89616645535,475.83619469017265,0.112586972917
26,"budgetSquare,runtimeSquare,Production Company_6194_Warner Bros.,Production Company_8411_Metro-Goldwyn-Mayer (MGM),Production Company_4_Paramount Pictures,Production Company_306_Twentieth Century Fox Film Corporation,Production Company_33_Universal Pictures,Production Country_US_United States of America,Production Country_GB_United Kingdom,Production Country_FR_France,Production Country_DE_Germany,Production Country_IT_Italy,Production Country-Seg-1,Production Country-Seg-2,Production Country-Seg-3 -> popularityNorm",2.85990318829,260.2001960394965,0.122675915349
27,"budgetSquare,runtimeSquare,Jan,Feb,Mar,Apr,May,Jun,Jul,Aug,Sep,Oct,Nov,Production Country_US_United States of America,Production Country_GB_United Kingdom,Production Country_FR_France,Production Country_DE_Germany,Production Country_IT_Italy,Production Country-Seg-1,Production Country-Seg-2,Production Country-Seg-3 -> popularityNorm",3.16885614784,280.02198814833406,0.0956322512809
28,"budgetSquare,runtimeSquare,year,Cast_121323_Bess Flowers,Cast_113_Christopher Lee,Cast_4165_John Wayne,Cast_2231_Samuel L. Jackson,Cast_3895_Michael Caine,Cast-Seg-1,Cast-Seg-2,Cast-Seg-3,Cast-Seg-4,Crew_9062_Cedric Gibbons,Crew_2952_Avy Kaufman,Crew_4350_Edith Head,Crew_102429_Roger Corman,Crew_1259_Ennio Morricone,Crew-Seg-1,Crew-Seg-2,Crew-Seg-3,Crew-Seg-4 -> popularityNorm",3.08325547845,310.622362976654,0.123619144702
29,"budgetSquare,runtimeSquare,year,Cast_121323_Bess Flowers,Cast_113_Christopher Lee,Cast_4165_John Wayne,Cast_2231_Samuel L. Jackson,Cast_3895_Michael Caine,Cast-Seg-1,Cast-Seg-2,Cast-Seg-3,Cast-Seg-4,Genre_18_Drama,Genre_35_Comedy,Genre_53_Thriller,Genre_10749_Romance,Genre_28_Action,Genre-Seg-1,Genre-Seg-2 -> popularityNorm",2.87078543824,261.67257306565614,0.121354637786
30,"budgetSquare,runtimeSquare,year,Cast_121323_Bess Flowers,Cast_113_Christopher Lee,Cast_4165_John Wayne,Cast_2231_Samuel L. Jackson,Cast_3895_Michael Caine,Cast-Seg-1,Cast-Seg-2,Cast-Seg-3,Cast-Seg-4,Production Company_6194_Warner Bros.,Production Company_8411_Metro-Goldwyn-Mayer (MGM),Production Company_4_Paramount Pictures,Production Company_306_Twentieth Century Fox Film Corporation,Production Company_33_Universal Pictures -> popularityNorm",3.13741061609,252.45142213478312,0.106041437014
31,"budgetSquare,runtimeSquare,year,Cast_121323_Bess Flowers,Cast_113_Christopher Lee,Cast_4165_John Wayne,Cast_2231_Samuel L. Jackson,Cast_3895_Michael Caine,Cast-Seg-1,Cast-Seg-2,Cast-Seg-3,Cast-Seg-4,Jan,Feb,Mar,Apr,May,Jun,Jul,Aug,Sep,Oct,Nov -> popularityNorm",3.17740283351,250.58411952629905,0.120909480092
32,"budgetSquare,runtimeSquare,year,Cast_121323_Bess Flowers,Cast_113_Christopher Lee,Cast_4165_John Wayne,Cast_2231_Samuel L. Jackson,Cast_3895_Michael Caine,Cast-Seg-1,Cast-Seg-2,Cast-Seg-3,Cast-Seg-4,Production Country_US_United States of America,Production Country_GB_United Kingdom,Production Country_FR_France,Production Country_DE_Germany,Production Country_IT_Italy,Production Country-Seg-1,Production Country-Seg-2,Production Country-Seg-3 -> popularityNorm",2.88277027282,374.6420751521724,0.124314461934
33,"budgetSquare,runtimeSquare,year,Crew_9062_Cedric Gibbons,Crew_2952_Avy Kaufman,Crew_4350_Edith Head,Crew_102429_Roger Corman,Crew_1259_Ennio Morricone,Crew-Seg-1,Crew-Seg-2,Crew-Seg-3,Crew-Seg-4,Genre_18_Drama,Genre_35_Comedy,Genre_53_Thriller,Genre_10749_Romance,Genre_28_Action,Genre-Seg-1,Genre-Seg-2 -> popularityNorm",3.22862553455,253.00916544894787,0.102213765422
34,"budgetSquare,runtimeSquare,year,Crew_9062_Cedric Gibbons,Crew_2952_Avy Kaufman,Crew_4350_Edith Head,Crew_102429_Roger Corman,Crew_1259_Ennio Morricone,Crew-Seg-1,Crew-Seg-2,Crew-Seg-3,Crew-Seg-4,Production Company_6194_Warner Bros.,Production Company_8411_Metro-Goldwyn-Mayer (MGM),Production Company_4_Paramount Pictures,Production Company_306_Twentieth Century Fox Film Corporation,Production Company_33_Universal Pictures -> popularityNorm",3.20195392934,228.87424846547506,0.12518728137
35,"budgetSquare,runtimeSquare,year,Crew_9062_Cedric Gibbons,Crew_2952_Avy Kaufman,Crew_4350_Edith Head,Crew_102429_Roger Corman,Crew_1259_Ennio Morricone,Crew-Seg-1,Crew-Seg-2,Crew-Seg-3,Crew-Seg-4,Jan,Feb,Mar,Apr,May,Jun,Jul,Aug,Sep,Oct,Nov -> popularityNorm",3.20155554293,297.02434467614756,0.133393156691
36,"budgetSquare,runtimeSquare,year,Crew_9062_Cedric Gibbons,Crew_2952_Avy Kaufman,Crew_4350_Edith Head,Crew_102429_Roger Corman,Crew_1259_Ennio Morricone,Crew-Seg-1,Crew-Seg-2,Crew-Seg-3,Crew-Seg-4,Production Country_US_United States of America,Production Country_GB_United Kingdom,Production Country_FR_France,Production Country_DE_Germany,Production Country_IT_Italy,Production Country-Seg-1,Production Country-Seg-2,Production Country-Seg-3 -> popularityNorm",3.08462178908,271.9658851710596,0.0986840326729
37,"budgetSquare,runtimeSquare,year,Genre_18_Drama,Genre_35_Comedy,Genre_53_Thriller,Genre_10749_Romance,Genre_28_Action,Genre-Seg-1,Genre-Seg-2,Production Company_6194_Warner Bros.,Production Company_8411_Metro-Goldwyn-Mayer (MGM),Production Company_4_Paramount Pictures,Production Company_306_Twentieth Century Fox Film Corporation,Production Company_33_Universal Pictures -> popularityNorm",3.0923333513,283.40490115219336,0.135526756032
38,"budgetSquare,runtimeSquare,year,Genre_18_Drama,Genre_35_Comedy,Genre_53_Thriller,Genre_10749_Romance,Genre_28_Action,Genre-Seg-1,Genre-Seg-2,Jan,Feb,Mar,Apr,May,Jun,Jul,Aug,Sep,Oct,Nov -> popularityNorm",3.12875734607,409.55327654656355,0.0801309100419
39,"budgetSquare,runtimeSquare,year,Genre_18_Drama,Genre_35_Comedy,Genre_53_Thriller,Genre_10749_Romance,Genre_28_Action,Genre-Seg-1,Genre-Seg-2,Production Country_US_United States of America,Production Country_GB_United Kingdom,Production Country_FR_France,Production Country_DE_Germany,Production Country_IT_Italy,Production Country-Seg-1,Production Country-Seg-2,Production Country-Seg-3 -> popularityNorm",3.21764957068,264.87544638341427,0.103260437544
40,"budgetSquare,runtimeSquare,year,Production Company_6194_Warner Bros.,Production Company_8411_Metro-Goldwyn-Mayer (MGM),Production Company_4_Paramount Pictures,Production Company_306_Twentieth Century Fox Film Corporation,Production Company_33_Universal Pictures,Jan,Feb,Mar,Apr,May,Jun,Jul,Aug,Sep,Oct,Nov -> popularityNorm",3.27808494465,338.4907131066847,0.0930093843353
41,"budgetSquare,runtimeSquare,year,Production Company_6194_Warner Bros.,Production Company_8411_Metro-Goldwyn-Mayer (MGM),Production Company_4_Paramount Pictures,Production Company_306_Twentieth Century Fox Film Corporation,Production Company_33_Universal Pictures,Production Country_US_United States of America,Production Country_GB_United Kingdom,Production Country_FR_France,Production Country_DE_Germany,Production Country_IT_Italy,Production Country-Seg-1,Production Country-Seg-2,Production Country-Seg-3 -> popularityNorm",3.53686460459,294.6770017243085,0.0816469185381
42,"budgetSquare,runtimeSquare,year,Jan,Feb,Mar,Apr,May,Jun,Jul,Aug,Sep,Oct,Nov,Production Country_US_United States of America,Production Country_GB_United Kingdom,Production Country_FR_France,Production Country_DE_Germany,Production Country_IT_Italy,Production Country-Seg-1,Production Country-Seg-2,Production Country-Seg-3 -> popularityNorm",3.00092407169,264.85016867983353,0.11982985979
43,"budgetSquare,runtimeSquare,Cast_121323_Bess Flowers,Cast_113_Christopher Lee,Cast_4165_John Wayne,Cast_2231_Samuel L. Jackson,Cast_3895_Michael Caine,Cast-Seg-1,Cast-Seg-2,Cast-Seg-3,Cast-Seg-4,Crew_9062_Cedric Gibbons,Crew_2952_Avy Kaufman,Crew_4350_Edith Head,Crew_102429_Roger Corman,Crew_1259_Ennio Morricone,Crew-Seg-1,Crew-Seg-2,Crew-Seg-3,Crew-Seg-4,Genre_18_Drama,Genre_35_Comedy,Genre_53_Thriller,Genre_10749_Romance,Genre_28_Action,Genre-Seg-1,Genre-Seg-2 -> popularityNorm",3.16542997699,352.04793680780034,0.122490000717
44,"budgetSquare,runtimeSquare,Cast_121323_Bess Flowers,Cast_113_Christopher Lee,Cast_4165_John Wayne,Cast_2231_Samuel L. Jackson,Cast_3895_Michael Caine,Cast-Seg-1,Cast-Seg-2,Cast-Seg-3,Cast-Seg-4,Crew_9062_Cedric Gibbons,Crew_2952_Avy Kaufman,Crew_4350_Edith Head,Crew_102429_Roger Corman,Crew_1259_Ennio Morricone,Crew-Seg-1,Crew-Seg-2,Crew-Seg-3,Crew-Seg-4,Production Company_6194_Warner Bros.,Production Company_8411_Metro-Goldwyn-Mayer (MGM),Production Company_4_Paramount Pictures,Production Company_306_Twentieth Century Fox Film Corporation,Production Company_33_Universal Pictures -> popularityNorm",3.00108475059,278.38003784360006,0.0970882521142
45,"budgetSquare,runtimeSquare,Cast_121323_Bess Flowers,Cast_113_Christopher Lee,Cast_4165_John Wayne,Cast_2231_Samuel L. Jackson,Cast_3895_Michael Caine,Cast-Seg-1,Cast-Seg-2,Cast-Seg-3,Cast-Seg-4,Crew_9062_Cedric Gibbons,Crew_2952_Avy Kaufman,Crew_4350_Edith Head,Crew_102429_Roger Corman,Crew_1259_Ennio Morricone,Crew-Seg-1,Crew-Seg-2,Crew-Seg-3,Crew-Seg-4,Jan,Feb,Mar,Apr,May,Jun,Jul,Aug,Sep,Oct,Nov -> popularityNorm",2.62088699561,294.99639401020147,0.134104191862
46,"budgetSquare,runtimeSquare,Cast_121323_Bess Flowers,Cast_113_Christopher Lee,Cast_4165_John Wayne,Cast_2231_Samuel L. Jackson,Cast_3895_Michael Caine,Cast-Seg-1,Cast-Seg-2,Cast-Seg-3,Cast-Seg-4,Crew_9062_Cedric Gibbons,Crew_2952_Avy Kaufman,Crew_4350_Edith Head,Crew_102429_Roger Corman,Crew_1259_Ennio Morricone,Crew-Seg-1,Crew-Seg-2,Crew-Seg-3,Crew-Seg-4,Production Country_US_United States of America,Production Country_GB_United Kingdom,Production Country_FR_France,Production Country_DE_Germany,Production Country_IT_Italy,Production Country-Seg-1,Production Country-Seg-2,Production Country-Seg-3 -> popularityNorm",2.89833011702,389.244419740516,0.115922751968
47,"budgetSquare,runtimeSquare,Cast_121323_Bess Flowers,Cast_113_Christopher Lee,Cast_4165_John Wayne,Cast_2231_Samuel L. Jackson,Cast_3895_Michael Caine,Cast-Seg-1,Cast-Seg-2,Cast-Seg-3,Cast-Seg-4,Genre_18_Drama,Genre_35_Comedy,Genre_53_Thriller,Genre_10749_Romance,Genre_28_Action,Genre-Seg-1,Genre-Seg-2,Production Company_6194_Warner Bros.,Production Company_8411_Metro-Goldwyn-Mayer (MGM),Production Company_4_Paramount Pictures,Production Company_306_Twentieth Century Fox Film Corporation,Production Company_33_Universal Pictures -> popularityNorm",3.27515090612,268.20401623588003,0.103225887648
48,"budgetSquare,runtimeSquare,Cast_121323_Bess Flowers,Cast_113_Christopher Lee,Cast_4165_John Wayne,Cast_2231_Samuel L. Jackson,Cast_3895_Michael Caine,Cast-Seg-1,Cast-Seg-2,Cast-Seg-3,Cast-Seg-4,Genre_18_Drama,Genre_35_Comedy,Genre_53_Thriller,Genre_10749_Romance,Genre_28_Action,Genre-Seg-1,Genre-Seg-2,Jan,Feb,Mar,Apr,May,Jun,Jul,Aug,Sep,Oct,Nov -> popularityNorm",2.88404843441,271.7912596365314,0.128680402605
49,"budgetSquare,runtimeSquare,Cast_121323_Bess Flowers,Cast_113_Christopher Lee,Cast_4165_John Wayne,Cast_2231_Samuel L. Jackson,Cast_3895_Michael Caine,Cast-Seg-1,Cast-Seg-2,Cast-Seg-3,Cast-Seg-4,Genre_18_Drama,Genre_35_Comedy,Genre_53_Thriller,Genre_10749_Romance,Genre_28_Action,Genre-Seg-1,Genre-Seg-2,Production Country_US_United States of America,Production Country_GB_United Kingdom,Production Country_FR_France,Production Country_DE_Germany,Production Country_IT_Italy,Production Country-Seg-1,Production Country-Seg-2,Production Country-Seg-3 -> popularityNorm",3.45331869538,318.6991859319411,0.0977456466658
50,"budgetSquare,runtimeSquare,Cast_121323_Bess Flowers,Cast_113_Christopher Lee,Cast_4165_John Wayne,Cast_2231_Samuel L. Jackson,Cast_3895_Michael Caine,Cast-Seg-1,Cast-Seg-2,Cast-Seg-3,Cast-Seg-4,Production Company_6194_Warner Bros.,Production Company_8411_Metro-Goldwyn-Mayer (MGM),Production Company_4_Paramount Pictures,Production Company_306_Twentieth Century Fox Film Corporation,Production Company_33_Universal Pictures,Jan,Feb,Mar,Apr,May,Jun,Jul,Aug,Sep,Oct,Nov -> popularityNorm",3.23539611534,241.33266503926208,0.12996551618
51,"budgetSquare,runtimeSquare,Cast_121323_Bess Flowers,Cast_113_Christopher Lee,Cast_4165_John Wayne,Cast_2231_Samuel L. Jackson,Cast_3895_Michael Caine,Cast-Seg-1,Cast-Seg-2,Cast-Seg-3,Cast-Seg-4,Production Company_6194_Warner Bros.,Production Company_8411_Metro-Goldwyn-Mayer (MGM),Production Company_4_Paramount Pictures,Production Company_306_Twentieth Century Fox Film Corporation,Production Company_33_Universal Pictures,Production Country_US_United States of America,Production Country_GB_United Kingdom,Production Country_FR_France,Production Country_DE_Germany,Production Country_IT_Italy,Production Country-Seg-1,Production Country-Seg-2,Production Country-Seg-3 -> popularityNorm",3.06862223596,218.60019378565045,0.129122939587
52,"budgetSquare,runtimeSquare,Cast_121323_Bess Flowers,Cast_113_Christopher Lee,Cast_4165_John Wayne,Cast_2231_Samuel L. Jackson,Cast_3895_Michael Caine,Cast-Seg-1,Cast-Seg-2,Cast-Seg-3,Cast-Seg-4,Jan,Feb,Mar,Apr,May,Jun,Jul,Aug,Sep,Oct,Nov,Production Country_US_United States of America,Production Country_GB_United Kingdom,Production Country_FR_France,Production Country_DE_Germany,Production Country_IT_Italy,Production Country-Seg-1,Production Country-Seg-2,Production Country-Seg-3 -> popularityNorm",3.27227657866,304.4705615471897,0.113190026995
53,"budgetSquare,runtimeSquare,Crew_9062_Cedric Gibbons,Crew_2952_Avy Kaufman,Crew_4350_Edith Head,Crew_102429_Roger Corman,Crew_1259_Ennio Morricone,Crew-Seg-1,Crew-Seg-2,Crew-Seg-3,Crew-Seg-4,Genre_18_Drama,Genre_35_Comedy,Genre_53_Thriller,Genre_10749_Romance,Genre_28_Action,Genre-Seg-1,Genre-Seg-2,Production Company_6194_Warner Bros.,Production Company_8411_Metro-Goldwyn-Mayer (MGM),Production Company_4_Paramount Pictures,Production Company_306_Twentieth Century Fox Film Corporation,Production Company_33_Universal Pictures -> popularityNorm",2.91325164135,348.61889038074844,0.108019726911
54,"budgetSquare,runtimeSquare,Crew_9062_Cedric Gibbons,Crew_2952_Avy Kaufman,Crew_4350_Edith Head,Crew_102429_Roger Corman,Crew_1259_Ennio Morricone,Crew-Seg-1,Crew-Seg-2,Crew-Seg-3,Crew-Seg-4,Genre_18_Drama,Genre_35_Comedy,Genre_53_Thriller,Genre_10749_Romance,Genre_28_Action,Genre-Seg-1,Genre-Seg-2,Jan,Feb,Mar,Apr,May,Jun,Jul,Aug,Sep,Oct,Nov -> popularityNorm",3.06586767807,303.23478667754335,0.14150446359
55,"budgetSquare,runtimeSquare,Crew_9062_Cedric Gibbons,Crew_2952_Avy Kaufman,Crew_4350_Edith Head,Crew_102429_Roger Corman,Crew_1259_Ennio Morricone,Crew-Seg-1,Crew-Seg-2,Crew-Seg-3,Crew-Seg-4,Genre_18_Drama,Genre_35_Comedy,Genre_53_Thriller,Genre_10749_Romance,Genre_28_Action,Genre-Seg-1,Genre-Seg-2,Production Country_US_United States of America,Production Country_GB_United Kingdom,Production Country_FR_France,Production Country_DE_Germany,Production Country_IT_Italy,Production Country-Seg-1,Production Country-Seg-2,Production Country-Seg-3 -> popularityNorm",3.06285813768,343.99085733478637,0.0599379634695
56,"budgetSquare,runtimeSquare,Crew_9062_Cedric Gibbons,Crew_2952_Avy Kaufman,Crew_4350_Edith Head,Crew_102429_Roger Corman,Crew_1259_Ennio Morricone,Crew-Seg-1,Crew-Seg-2,Crew-Seg-3,Crew-Seg-4,Production Company_6194_Warner Bros.,Production Company_8411_Metro-Goldwyn-Mayer (MGM),Production Company_4_Paramount Pictures,Production Company_306_Twentieth Century Fox Film Corporation,Production Company_33_Universal Pictures,Jan,Feb,Mar,Apr,May,Jun,Jul,Aug,Sep,Oct,Nov -> popularityNorm",3.14482315464,413.1986438626613,0.0938216416652
57,"budgetSquare,runtimeSquare,Crew_9062_Cedric Gibbons,Crew_2952_Avy Kaufman,Crew_4350_Edith Head,Crew_102429_Roger Corman,Crew_1259_Ennio Morricone,Crew-Seg-1,Crew-Seg-2,Crew-Seg-3,Crew-Seg-4,Production Company_6194_Warner Bros.,Production Company_8411_Metro-Goldwyn-Mayer (MGM),Production Company_4_Paramount Pictures,Production Company_306_Twentieth Century Fox Film Corporation,Production Company_33_Universal Pictures,Production Country_US_United States of America,Production Country_GB_United Kingdom,Production Country_FR_France,Production Country_DE_Germany,Production Country_IT_Italy,Production Country-Seg-1,Production Country-Seg-2,Production Country-Seg-3 -> popularityNorm",3.20711985436,262.97753628213513,0.114835279655
58,"budgetSquare,runtimeSquare,Crew_9062_Cedric Gibbons,Crew_2952_Avy Kaufman,Crew_4350_Edith Head,Crew_102429_Roger Corman,Crew_1259_Ennio Morricone,Crew-Seg-1,Crew-Seg-2,Crew-Seg-3,Crew-Seg-4,Jan,Feb,Mar,Apr,May,Jun,Jul,Aug,Sep,Oct,Nov,Production Country_US_United States of America,Production Country_GB_United Kingdom,Production Country_FR_France,Production Country_DE_Germany,Production Country_IT_Italy,Production Country-Seg-1,Production Country-Seg-2,Production Country-Seg-3 -> popularityNorm",3.21956718159,268.27138360377137,0.12955040667
59,"budgetSquare,runtimeSquare,Genre_18_Drama,Genre_35_Comedy,Genre_53_Thriller,Genre_10749_Romance,Genre_28_Action,Genre-Seg-1,Genre-Seg-2,Production Company_6194_Warner Bros.,Production Company_8411_Metro-Goldwyn-Mayer (MGM),Production Company_4_Paramount Pictures,Production Company_306_Twentieth Century Fox Film Corporation,Production Company_33_Universal Pictures,Jan,Feb,Mar,Apr,May,Jun,Jul,Aug,Sep,Oct,Nov -> popularityNorm",3.06929109684,253.26400305473751,0.11353564329
60,"budgetSquare,runtimeSquare,Genre_18_Drama,Genre_35_Comedy,Genre_53_Thriller,Genre_10749_Romance,Genre_28_Action,Genre-Seg-1,Genre-Seg-2,Production Company_6194_Warner Bros.,Production Company_8411_Metro-Goldwyn-Mayer (MGM),Production Company_4_Paramount Pictures,Production Company_306_Twentieth Century Fox Film Corporation,Production Company_33_Universal Pictures,Production Country_US_United States of America,Production Country_GB_United Kingdom,Production Country_FR_France,Production Country_DE_Germany,Production Country_IT_Italy,Production Country-Seg-1,Production Country-Seg-2,Production Country-Seg-3 -> popularityNorm",3.28299610647,316.0411317550396,0.116267673679
61,"budgetSquare,runtimeSquare,Genre_18_Drama,Genre_35_Comedy,Genre_53_Thriller,Genre_10749_Romance,Genre_28_Action,Genre-Seg-1,Genre-Seg-2,Jan,Feb,Mar,Apr,May,Jun,Jul,Aug,Sep,Oct,Nov,Production Country_US_United States of America,Production Country_GB_United Kingdom,Production Country_FR_France,Production Country_DE_Germany,Production Country_IT_Italy,Production Country-Seg-1,Production Country-Seg-2,Production Country-Seg-3 -> popularityNorm",3.10128570086,333.7877531338713,0.126773791985
62,"budgetSquare,runtimeSquare,Production Company_6194_Warner Bros.,Production Company_8411_Metro-Goldwyn-Mayer (MGM),Production Company_4_Paramount Pictures,Production Company_306_Twentieth Century Fox Film Corporation,Production Company_33_Universal Pictures,Jan,Feb,Mar,Apr,May,Jun,Jul,Aug,Sep,Oct,Nov,Production Country_US_United States of America,Production Country_GB_United Kingdom,Production Country_FR_France,Production Country_DE_Germany,Production Country_IT_Italy,Production Country-Seg-1,Production Country-Seg-2,Production Country-Seg-3 -> popularityNorm",3.02721944041,329.63797970423474,0.11626172116
63,"budgetSquare,runtimeSquare,year,Cast_121323_Bess Flowers,Cast_113_Christopher Lee,Cast_4165_John Wayne,Cast_2231_Samuel L. Jackson,Cast_3895_Michael Caine,Cast-Seg-1,Cast-Seg-2,Cast-Seg-3,Cast-Seg-4,Crew_9062_Cedric Gibbons,Crew_2952_Avy Kaufman,Crew_4350_Edith Head,Crew_102429_Roger Corman,Crew_1259_Ennio Morricone,Crew-Seg-1,Crew-Seg-2,Crew-Seg-3,Crew-Seg-4,Genre_18_Drama,Genre_35_Comedy,Genre_53_Thriller,Genre_10749_Romance,Genre_28_Action,Genre-Seg-1,Genre-Seg-2 -> popularityNorm",3.06983571084,276.0650638354478,0.0832502698669
64,"budgetSquare,runtimeSquare,year,Cast_121323_Bess Flowers,Cast_113_Christopher Lee,Cast_4165_John Wayne,Cast_2231_Samuel L. Jackson,Cast_3895_Michael Caine,Cast-Seg-1,Cast-Seg-2,Cast-Seg-3,Cast-Seg-4,Crew_9062_Cedric Gibbons,Crew_2952_Avy Kaufman,Crew_4350_Edith Head,Crew_102429_Roger Corman,Crew_1259_Ennio Morricone,Crew-Seg-1,Crew-Seg-2,Crew-Seg-3,Crew-Seg-4,Production Company_6194_Warner Bros.,Production Company_8411_Metro-Goldwyn-Mayer (MGM),Production Company_4_Paramount Pictures,Production Company_306_Twentieth Century Fox Film Corporation,Production Company_33_Universal Pictures -> popularityNorm",2.98358247464,273.8797201479883,0.121726245271
65,"budgetSquare,runtimeSquare,year,Cast_121323_Bess Flowers,Cast_113_Christopher Lee,Cast_4165_John Wayne,Cast_2231_Samuel L. Jackson,Cast_3895_Michael Caine,Cast-Seg-1,Cast-Seg-2,Cast-Seg-3,Cast-Seg-4,Crew_9062_Cedric Gibbons,Crew_2952_Avy Kaufman,Crew_4350_Edith Head,Crew_102429_Roger Corman,Crew_1259_Ennio Morricone,Crew-Seg-1,Crew-Seg-2,Crew-Seg-3,Crew-Seg-4,Jan,Feb,Mar,Apr,May,Jun,Jul,Aug,Sep,Oct,Nov -> popularityNorm",3.14817809988,293.2820368120529,0.134034493538
66,"budgetSquare,runtimeSquare,year,Cast_121323_Bess Flowers,Cast_113_Christopher Lee,Cast_4165_John Wayne,Cast_2231_Samuel L. Jackson,Cast_3895_Michael Caine,Cast-Seg-1,Cast-Seg-2,Cast-Seg-3,Cast-Seg-4,Crew_9062_Cedric Gibbons,Crew_2952_Avy Kaufman,Crew_4350_Edith Head,Crew_102429_Roger Corman,Crew_1259_Ennio Morricone,Crew-Seg-1,Crew-Seg-2,Crew-Seg-3,Crew-Seg-4,Production Country_US_United States of America,Production Country_GB_United Kingdom,Production Country_FR_France,Production Country_DE_Germany,Production Country_IT_Italy,Production Country-Seg-1,Production Country-Seg-2,Production Country-Seg-3 -> popularityNorm",2.97535398965,286.6515964231641,0.0963986563283
67,"budgetSquare,runtimeSquare,year,Cast_121323_Bess Flowers,Cast_113_Christopher Lee,Cast_4165_John Wayne,Cast_2231_Samuel L. Jackson,Cast_3895_Michael Caine,Cast-Seg-1,Cast-Seg-2,Cast-Seg-3,Cast-Seg-4,Genre_18_Drama,Genre_35_Comedy,Genre_53_Thriller,Genre_10749_Romance,Genre_28_Action,Genre-Seg-1,Genre-Seg-2,Production Company_6194_Warner Bros.,Production Company_8411_Metro-Goldwyn-Mayer (MGM),Production Company_4_Paramount Pictures,Production Company_306_Twentieth Century Fox Film Corporation,Production Company_33_Universal Pictures -> popularityNorm",2.987631558,335.8591611419216,0.124388371693
68,"budgetSquare,runtimeSquare,year,Cast_121323_Bess Flowers,Cast_113_Christopher Lee,Cast_4165_John Wayne,Cast_2231_Samuel L. Jackson,Cast_3895_Michael Caine,Cast-Seg-1,Cast-Seg-2,Cast-Seg-3,Cast-Seg-4,Genre_18_Drama,Genre_35_Comedy,Genre_53_Thriller,Genre_10749_Romance,Genre_28_Action,Genre-Seg-1,Genre-Seg-2,Jan,Feb,Mar,Apr,May,Jun,Jul,Aug,Sep,Oct,Nov -> popularityNorm",3.32092130458,254.86896207378825,0.0952427283373
69,"budgetSquare,runtimeSquare,year,Cast_121323_Bess Flowers,Cast_113_Christopher Lee,Cast_4165_John Wayne,Cast_2231_Samuel L. Jackson,Cast_3895_Michael Caine,Cast-Seg-1,Cast-Seg-2,Cast-Seg-3,Cast-Seg-4,Genre_18_Drama,Genre_35_Comedy,Genre_53_Thriller,Genre_10749_Romance,Genre_28_Action,Genre-Seg-1,Genre-Seg-2,Production Country_US_United States of America,Production Country_GB_United Kingdom,Production Country_FR_France,Production Country_DE_Germany,Production Country_IT_Italy,Production Country-Seg-1,Production Country-Seg-2,Production Country-Seg-3 -> popularityNorm",2.84010051845,329.83188916126005,0.107902889688
70,"budgetSquare,runtimeSquare,year,Cast_121323_Bess Flowers,Cast_113_Christopher Lee,Cast_4165_John Wayne,Cast_2231_Samuel L. Jackson,Cast_3895_Michael Caine,Cast-Seg-1,Cast-Seg-2,Cast-Seg-3,Cast-Seg-4,Production Company_6194_Warner Bros.,Production Company_8411_Metro-Goldwyn-Mayer (MGM),Production Company_4_Paramount Pictures,Production Company_306_Twentieth Century Fox Film Corporation,Production Company_33_Universal Pictures,Jan,Feb,Mar,Apr,May,Jun,Jul,Aug,Sep,Oct,Nov -> popularityNorm",2.86302507041,310.45035141011056,0.118126062855
71,"budgetSquare,runtimeSquare,year,Cast_121323_Bess Flowers,Cast_113_Christopher Lee,Cast_4165_John Wayne,Cast_2231_Samuel L. Jackson,Cast_3895_Michael Caine,Cast-Seg-1,Cast-Seg-2,Cast-Seg-3,Cast-Seg-4,Production Company_6194_Warner Bros.,Production Company_8411_Metro-Goldwyn-Mayer (MGM),Production Company_4_Paramount Pictures,Production Company_306_Twentieth Century Fox Film Corporation,Production Company_33_Universal Pictures,Production Country_US_United States of America,Production Country_GB_United Kingdom,Production Country_FR_France,Production Country_DE_Germany,Production Country_IT_Italy,Production Country-Seg-1,Production Country-Seg-2,Production Country-Seg-3 -> popularityNorm",3.05093504717,269.0175720638809,0.142758928815
72,"budgetSquare,runtimeSquare,year,Cast_121323_Bess Flowers,Cast_113_Christopher Lee,Cast_4165_John Wayne,Cast_2231_Samuel L. Jackson,Cast_3895_Michael Caine,Cast-Seg-1,Cast-Seg-2,Cast-Seg-3,Cast-Seg-4,Jan,Feb,Mar,Apr,May,Jun,Jul,Aug,Sep,Oct,Nov,Production Country_US_United States of America,Production Country_GB_United Kingdom,Production Country_FR_France,Production Country_DE_Germany,Production Country_IT_Italy,Production Country-Seg-1,Production Country-Seg-2,Production Country-Seg-3 -> popularityNorm",3.37897541159,266.92229321510956,0.0917465084621
73,"budgetSquare,runtimeSquare,year,Crew_9062_Cedric Gibbons,Crew_2952_Avy Kaufman,Crew_4350_Edith Head,Crew_102429_Roger Corman,Crew_1259_Ennio Morricone,Crew-Seg-1,Crew-Seg-2,Crew-Seg-3,Crew-Seg-4,Genre_18_Drama,Genre_35_Comedy,Genre_53_Thriller,Genre_10749_Romance,Genre_28_Action,Genre-Seg-1,Genre-Seg-2,Production Company_6194_Warner Bros.,Production Company_8411_Metro-Goldwyn-Mayer (MGM),Production Company_4_Paramount Pictures,Production Company_306_Twentieth Century Fox Film Corporation,Production Company_33_Universal Pictures -> popularityNorm",3.14913320368,263.319327020587,0.11187508048
74,"budgetSquare,runtimeSquare,year,Crew_9062_Cedric Gibbons,Crew_2952_Avy Kaufman,Crew_4350_Edith Head,Crew_102429_Roger Corman,Crew_1259_Ennio Morricone,Crew-Seg-1,Crew-Seg-2,Crew-Seg-3,Crew-Seg-4,Genre_18_Drama,Genre_35_Comedy,Genre_53_Thriller,Genre_10749_Romance,Genre_28_Action,Genre-Seg-1,Genre-Seg-2,Jan,Feb,Mar,Apr,May,Jun,Jul,Aug,Sep,Oct,Nov -> popularityNorm",3.30747893599,275.52214922866597,0.0995458698975
75,"budgetSquare,runtimeSquare,year,Crew_9062_Cedric Gibbons,Crew_2952_Avy Kaufman,Crew_4350_Edith Head,Crew_102429_Roger Corman,Crew_1259_Ennio Morricone,Crew-Seg-1,Crew-Seg-2,Crew-Seg-3,Crew-Seg-4,Genre_18_Drama,Genre_35_Comedy,Genre_53_Thriller,Genre_10749_Romance,Genre_28_Action,Genre-Seg-1,Genre-Seg-2,Production Country_US_United States of America,Production Country_GB_United Kingdom,Production Country_FR_France,Production Country_DE_Germany,Production Country_IT_Italy,Production Country-Seg-1,Production Country-Seg-2,Production Country-Seg-3 -> popularityNorm",2.96980178015,315.10301496002666,0.126078507714
76,"budgetSquare,runtimeSquare,year,Crew_9062_Cedric Gibbons,Crew_2952_Avy Kaufman,Crew_4350_Edith Head,Crew_102429_Roger Corman,Crew_1259_Ennio Morricone,Crew-Seg-1,Crew-Seg-2,Crew-Seg-3,Crew-Seg-4,Production Company_6194_Warner Bros.,Production Company_8411_Metro-Goldwyn-Mayer (MGM),Production Company_4_Paramount Pictures,Production Company_306_Twentieth Century Fox Film Corporation,Production Company_33_Universal Pictures,Jan,Feb,Mar,Apr,May,Jun,Jul,Aug,Sep,Oct,Nov -> popularityNorm",2.94180813973,349.19206048873843,0.118319352083
77,"budgetSquare,runtimeSquare,year,Crew_9062_Cedric Gibbons,Crew_2952_Avy Kaufman,Crew_4350_Edith Head,Crew_102429_Roger Corman,Crew_1259_Ennio Morricone,Crew-Seg-1,Crew-Seg-2,Crew-Seg-3,Crew-Seg-4,Production Company_6194_Warner Bros.,Production Company_8411_Metro-Goldwyn-Mayer (MGM),Production Company_4_Paramount Pictures,Production Company_306_Twentieth Century Fox Film Corporation,Production Company_33_Universal Pictures,Production Country_US_United States of America,Production Country_GB_United Kingdom,Production Country_FR_France,Production Country_DE_Germany,Production Country_IT_Italy,Production Country-Seg-1,Production Country-Seg-2,Production Country-Seg-3 -> popularityNorm",3.05055390744,319.10530514515364,0.119847014267
78,"budgetSquare,runtimeSquare,year,Crew_9062_Cedric Gibbons,Crew_2952_Avy Kaufman,Crew_4350_Edith Head,Crew_102429_Roger Corman,Crew_1259_Ennio Morricone,Crew-Seg-1,Crew-Seg-2,Crew-Seg-3,Crew-Seg-4,Jan,Feb,Mar,Apr,May,Jun,Jul,Aug,Sep,Oct,Nov,Production Country_US_United States of America,Production Country_GB_United Kingdom,Production Country_FR_France,Production Country_DE_Germany,Production Country_IT_Italy,Production Country-Seg-1,Production Country-Seg-2,Production Country-Seg-3 -> popularityNorm",3.36469804838,416.26889095102604,0.132012172707
79,"budgetSquare,runtimeSquare,year,Genre_18_Drama,Genre_35_Comedy,Genre_53_Thriller,Genre_10749_Romance,Genre_28_Action,Genre-Seg-1,Genre-Seg-2,Production Company_6194_Warner Bros.,Production Company_8411_Metro-Goldwyn-Mayer (MGM),Production Company_4_Paramount Pictures,Production Company_306_Twentieth Century Fox Film Corporation,Production Company_33_Universal Pictures,Jan,Feb,Mar,Apr,May,Jun,Jul,Aug,Sep,Oct,Nov -> popularityNorm",2.94974918255,287.6819162574864,0.112004736766
80,"budgetSquare,runtimeSquare,year,Genre_18_Drama,Genre_35_Comedy,Genre_53_Thriller,Genre_10749_Romance,Genre_28_Action,Genre-Seg-1,Genre-Seg-2,Production Company_6194_Warner Bros.,Production Company_8411_Metro-Goldwyn-Mayer (MGM),Production Company_4_Paramount Pictures,Production Company_306_Twentieth Century Fox Film Corporation,Production Company_33_Universal Pictures,Production Country_US_United States of America,Production Country_GB_United Kingdom,Production Country_FR_France,Production Country_DE_Germany,Production Country_IT_Italy,Production Country-Seg-1,Production Country-Seg-2,Production Country-Seg-3 -> popularityNorm",3.16796838629,322.4059883119242,0.103529221926
81,"budgetSquare,runtimeSquare,year,Genre_18_Drama,Genre_35_Comedy,Genre_53_Thriller,Genre_10749_Romance,Genre_28_Action,Genre-Seg-1,Genre-Seg-2,Jan,Feb,Mar,Apr,May,Jun,Jul,Aug,Sep,Oct,Nov,Production Country_US_United States of America,Production Country_GB_United Kingdom,Production Country_FR_France,Production Country_DE_Germany,Production Country_IT_Italy,Production Country-Seg-1,Production Country-Seg-2,Production Country-Seg-3 -> popularityNorm",2.88121707524,264.04080890647725,0.117940973754
82,"budgetSquare,runtimeSquare,year,Production Company_6194_Warner Bros.,Production Company_8411_Metro-Goldwyn-Mayer (MGM),Production Company_4_Paramount Pictures,Production Company_306_Twentieth Century Fox Film Corporation,Production Company_33_Universal Pictures,Jan,Feb,Mar,Apr,May,Jun,Jul,Aug,Sep,Oct,Nov,Production Country_US_United States of America,Production Country_GB_United Kingdom,Production Country_FR_France,Production Country_DE_Germany,Production Country_IT_Italy,Production Country-Seg-1,Production Country-Seg-2,Production Country-Seg-3 -> popularityNorm",3.13942187554,337.71693160928737,0.111732648982
83,"budgetSquare,runtimeSquare,Cast_121323_Bess Flowers,Cast_113_Christopher Lee,Cast_4165_John Wayne,Cast_2231_Samuel L. Jackson,Cast_3895_Michael Caine,Cast-Seg-1,Cast-Seg-2,Cast-Seg-3,Cast-Seg-4,Crew_9062_Cedric Gibbons,Crew_2952_Avy Kaufman,Crew_4350_Edith Head,Crew_102429_Roger Corman,Crew_1259_Ennio Morricone,Crew-Seg-1,Crew-Seg-2,Crew-Seg-3,Crew-Seg-4,Genre_18_Drama,Genre_35_Comedy,Genre_53_Thriller,Genre_10749_Romance,Genre_28_Action,Genre-Seg-1,Genre-Seg-2,Production Company_6194_Warner Bros.,Production Company_8411_Metro-Goldwyn-Mayer (MGM),Production Company_4_Paramount Pictures,Production Company_306_Twentieth Century Fox Film Corporation,Production Company_33_Universal Pictures -> popularityNorm",2.91121818792,238.4629313475584,0.11540275861
84,"budgetSquare,runtimeSquare,Cast_121323_Bess Flowers,Cast_113_Christopher Lee,Cast_4165_John Wayne,Cast_2231_Samuel L. Jackson,Cast_3895_Michael Caine,Cast-Seg-1,Cast-Seg-2,Cast-Seg-3,Cast-Seg-4,Crew_9062_Cedric Gibbons,Crew_2952_Avy Kaufman,Crew_4350_Edith Head,Crew_102429_Roger Corman,Crew_1259_Ennio Morricone,Crew-Seg-1,Crew-Seg-2,Crew-Seg-3,Crew-Seg-4,Genre_18_Drama,Genre_35_Comedy,Genre_53_Thriller,Genre_10749_Romance,Genre_28_Action,Genre-Seg-1,Genre-Seg-2,Jan,Feb,Mar,Apr,May,Jun,Jul,Aug,Sep,Oct,Nov -> popularityNorm",3.21720213681,289.3972557372864,0.125434930549
85,"budgetSquare,runtimeSquare,Cast_121323_Bess Flowers,Cast_113_Christopher Lee,Cast_4165_John Wayne,Cast_2231_Samuel L. Jackson,Cast_3895_Michael Caine,Cast-Seg-1,Cast-Seg-2,Cast-Seg-3,Cast-Seg-4,Crew_9062_Cedric Gibbons,Crew_2952_Avy Kaufman,Crew_4350_Edith Head,Crew_102429_Roger Corman,Crew_1259_Ennio Morricone,Crew-Seg-1,Crew-Seg-2,Crew-Seg-3,Crew-Seg-4,Genre_18_Drama,Genre_35_Comedy,Genre_53_Thriller,Genre_10749_Romance,Genre_28_Action,Genre-Seg-1,Genre-Seg-2,Production Country_US_United States of America,Production Country_GB_United Kingdom,Production Country_FR_France,Production Country_DE_Germany,Production Country_IT_Italy,Production Country-Seg-1,Production Country-Seg-2,Production Country-Seg-3 -> popularityNorm",2.73785025053,258.9770894595323,0.132501735911
86,"budgetSquare,runtimeSquare,Cast_121323_Bess Flowers,Cast_113_Christopher Lee,Cast_4165_John Wayne,Cast_2231_Samuel L. Jackson,Cast_3895_Michael Caine,Cast-Seg-1,Cast-Seg-2,Cast-Seg-3,Cast-Seg-4,Crew_9062_Cedric Gibbons,Crew_2952_Avy Kaufman,Crew_4350_Edith Head,Crew_102429_Roger Corman,Crew_1259_Ennio Morricone,Crew-Seg-1,Crew-Seg-2,Crew-Seg-3,Crew-Seg-4,Production Company_6194_Warner Bros.,Production Company_8411_Metro-Goldwyn-Mayer (MGM),Production Company_4_Paramount Pictures,Production Company_306_Twentieth Century Fox Film Corporation,Production Company_33_Universal Pictures,Jan,Feb,Mar,Apr,May,Jun,Jul,Aug,Sep,Oct,Nov -> popularityNorm",2.87620229321,264.31922508900493,0.12812366833
87,"budgetSquare,runtimeSquare,Cast_121323_Bess Flowers,Cast_113_Christopher Lee,Cast_4165_John Wayne,Cast_2231_Samuel L. Jackson,Cast_3895_Michael Caine,Cast-Seg-1,Cast-Seg-2,Cast-Seg-3,Cast-Seg-4,Crew_9062_Cedric Gibbons,Crew_2952_Avy Kaufman,Crew_4350_Edith Head,Crew_102429_Roger Corman,Crew_1259_Ennio Morricone,Crew-Seg-1,Crew-Seg-2,Crew-Seg-3,Crew-Seg-4,Production Company_6194_Warner Bros.,Production Company_8411_Metro-Goldwyn-Mayer (MGM),Production Company_4_Paramount Pictures,Production Company_306_Twentieth Century Fox Film Corporation,Production Company_33_Universal Pictures,Production Country_US_United States of America,Production Country_GB_United Kingdom,Production Country_FR_France,Production Country_DE_Germany,Production Country_IT_Italy,Production Country-Seg-1,Production Country-Seg-2,Production Country-Seg-3 -> popularityNorm",3.13829323103,309.1331535065136,0.107172414527
88,"budgetSquare,runtimeSquare,Cast_121323_Bess Flowers,Cast_113_Christopher Lee,Cast_4165_John Wayne,Cast_2231_Samuel L. Jackson,Cast_3895_Michael Caine,Cast-Seg-1,Cast-Seg-2,Cast-Seg-3,Cast-Seg-4,Crew_9062_Cedric Gibbons,Crew_2952_Avy Kaufman,Crew_4350_Edith Head,Crew_102429_Roger Corman,Crew_1259_Ennio Morricone,Crew-Seg-1,Crew-Seg-2,Crew-Seg-3,Crew-Seg-4,Jan,Feb,Mar,Apr,May,Jun,Jul,Aug,Sep,Oct,Nov,Production Country_US_United States of America,Production Country_GB_United Kingdom,Production Country_FR_France,Production Country_DE_Germany,Production Country_IT_Italy,Production Country-Seg-1,Production Country-Seg-2,Production Country-Seg-3 -> popularityNorm",3.34296485618,255.8258926114517,0.115268033946
89,"budgetSquare,runtimeSquare,Cast_121323_Bess Flowers,Cast_113_Christopher Lee,Cast_4165_John Wayne,Cast_2231_Samuel L. Jackson,Cast_3895_Michael Caine,Cast-Seg-1,Cast-Seg-2,Cast-Seg-3,Cast-Seg-4,Genre_18_Drama,Genre_35_Comedy,Genre_53_Thriller,Genre_10749_Romance,Genre_28_Action,Genre-Seg-1,Genre-Seg-2,Production Company_6194_Warner Bros.,Production Company_8411_Metro-Goldwyn-Mayer (MGM),Production Company_4_Paramount Pictures,Production Company_306_Twentieth Century Fox Film Corporation,Production Company_33_Universal Pictures,Jan,Feb,Mar,Apr,May,Jun,Jul,Aug,Sep,Oct,Nov -> popularityNorm",2.95396374934,293.87787639567307,0.132312283142
90,"budgetSquare,runtimeSquare,Cast_121323_Bess Flowers,Cast_113_Christopher Lee,Cast_4165_John Wayne,Cast_2231_Samuel L. Jackson,Cast_3895_Michael Caine,Cast-Seg-1,Cast-Seg-2,Cast-Seg-3,Cast-Seg-4,Genre_18_Drama,Genre_35_Comedy,Genre_53_Thriller,Genre_10749_Romance,Genre_28_Action,Genre-Seg-1,Genre-Seg-2,Production Company_6194_Warner Bros.,Production Company_8411_Metro-Goldwyn-Mayer (MGM),Production Company_4_Paramount Pictures,Production Company_306_Twentieth Century Fox Film Corporation,Production Company_33_Universal Pictures,Production Country_US_United States of America,Production Country_GB_United Kingdom,Production Country_FR_France,Production Country_DE_Germany,Production Country_IT_Italy,Production Country-Seg-1,Production Country-Seg-2,Production Country-Seg-3 -> popularityNorm",2.9095929129,262.14881352269623,0.138019615362
91,"budgetSquare,runtimeSquare,Cast_121323_Bess Flowers,Cast_113_Christopher Lee,Cast_4165_John Wayne,Cast_2231_Samuel L. Jackson,Cast_3895_Michael Caine,Cast-Seg-1,Cast-Seg-2,Cast-Seg-3,Cast-Seg-4,Genre_18_Drama,Genre_35_Comedy,Genre_53_Thriller,Genre_10749_Romance,Genre_28_Action,Genre-Seg-1,Genre-Seg-2,Jan,Feb,Mar,Apr,May,Jun,Jul,Aug,Sep,Oct,Nov,Production Country_US_United States of America,Production Country_GB_United Kingdom,Production Country_FR_France,Production Country_DE_Germany,Production Country_IT_Italy,Production Country-Seg-1,Production Country-Seg-2,Production Country-Seg-3 -> popularityNorm",3.11812895458,288.395239738649,0.114869789936
92,"budgetSquare,runtimeSquare,Cast_121323_Bess Flowers,Cast_113_Christopher Lee,Cast_4165_John Wayne,Cast_2231_Samuel L. Jackson,Cast_3895_Michael Caine,Cast-Seg-1,Cast-Seg-2,Cast-Seg-3,Cast-Seg-4,Production Company_6194_Warner Bros.,Production Company_8411_Metro-Goldwyn-Mayer (MGM),Production Company_4_Paramount Pictures,Production Company_306_Twentieth Century Fox Film Corporation,Production Company_33_Universal Pictures,Jan,Feb,Mar,Apr,May,Jun,Jul,Aug,Sep,Oct,Nov,Production Country_US_United States of America,Production Country_GB_United Kingdom,Production Country_FR_France,Production Country_DE_Germany,Production Country_IT_Italy,Production Country-Seg-1,Production Country-Seg-2,Production Country-Seg-3 -> popularityNorm",2.9875104499,339.92689848568074,0.11408047027
93,"budgetSquare,runtimeSquare,Crew_9062_Cedric Gibbons,Crew_2952_Avy Kaufman,Crew_4350_Edith Head,Crew_102429_Roger Corman,Crew_1259_Ennio Morricone,Crew-Seg-1,Crew-Seg-2,Crew-Seg-3,Crew-Seg-4,Genre_18_Drama,Genre_35_Comedy,Genre_53_Thriller,Genre_10749_Romance,Genre_28_Action,Genre-Seg-1,Genre-Seg-2,Production Company_6194_Warner Bros.,Production Company_8411_Metro-Goldwyn-Mayer (MGM),Production Company_4_Paramount Pictures,Production Company_306_Twentieth Century Fox Film Corporation,Production Company_33_Universal Pictures,Jan,Feb,Mar,Apr,May,Jun,Jul,Aug,Sep,Oct,Nov -> popularityNorm",3.14864676065,226.74829937550078,0.10940488705
94,"budgetSquare,runtimeSquare,Crew_9062_Cedric Gibbons,Crew_2952_Avy Kaufman,Crew_4350_Edith Head,Crew_102429_Roger Corman,Crew_1259_Ennio Morricone,Crew-Seg-1,Crew-Seg-2,Crew-Seg-3,Crew-Seg-4,Genre_18_Drama,Genre_35_Comedy,Genre_53_Thriller,Genre_10749_Romance,Genre_28_Action,Genre-Seg-1,Genre-Seg-2,Production Company_6194_Warner Bros.,Production Company_8411_Metro-Goldwyn-Mayer (MGM),Production Company_4_Paramount Pictures,Production Company_306_Twentieth Century Fox Film Corporation,Production Company_33_Universal Pictures,Production Country_US_United States of America,Production Country_GB_United Kingdom,Production Country_FR_France,Production Country_DE_Germany,Production Country_IT_Italy,Production Country-Seg-1,Production Country-Seg-2,Production Country-Seg-3 -> popularityNorm",3.16115644457,301.9059428407244,0.124688780361
95,"budgetSquare,runtimeSquare,Crew_9062_Cedric Gibbons,Crew_2952_Avy Kaufman,Crew_4350_Edith Head,Crew_102429_Roger Corman,Crew_1259_Ennio Morricone,Crew-Seg-1,Crew-Seg-2,Crew-Seg-3,Crew-Seg-4,Genre_18_Drama,Genre_35_Comedy,Genre_53_Thriller,Genre_10749_Romance,Genre_28_Action,Genre-Seg-1,Genre-Seg-2,Jan,Feb,Mar,Apr,May,Jun,Jul,Aug,Sep,Oct,Nov,Production Country_US_United States of America,Production Country_GB_United Kingdom,Production Country_FR_France,Production Country_DE_Germany,Production Country_IT_Italy,Production Country-Seg-1,Production Country-Seg-2,Production Country-Seg-3 -> popularityNorm",3.18965830645,307.0485458458469,0.112692884479
96,"budgetSquare,runtimeSquare,Crew_9062_Cedric Gibbons,Crew_2952_Avy Kaufman,Crew_4350_Edith Head,Crew_102429_Roger Corman,Crew_1259_Ennio Morricone,Crew-Seg-1,Crew-Seg-2,Crew-Seg-3,Crew-Seg-4,Production Company_6194_Warner Bros.,Production Company_8411_Metro-Goldwyn-Mayer (MGM),Production Company_4_Paramount Pictures,Production Company_306_Twentieth Century Fox Film Corporation,Production Company_33_Universal Pictures,Jan,Feb,Mar,Apr,May,Jun,Jul,Aug,Sep,Oct,Nov,Production Country_US_United States of America,Production Country_GB_United Kingdom,Production Country_FR_France,Production Country_DE_Germany,Production Country_IT_Italy,Production Country-Seg-1,Production Country-Seg-2,Production Country-Seg-3 -> popularityNorm",2.95055169924,199.46072451286162,0.122959368213
97,"budgetSquare,runtimeSquare,Genre_18_Drama,Genre_35_Comedy,Genre_53_Thriller,Genre_10749_Romance,Genre_28_Action,Genre-Seg-1,Genre-Seg-2,Production Company_6194_Warner Bros.,Production Company_8411_Metro-Goldwyn-Mayer (MGM),Production Company_4_Paramount Pictures,Production Company_306_Twentieth Century Fox Film Corporation,Production Company_33_Universal Pictures,Jan,Feb,Mar,Apr,May,Jun,Jul,Aug,Sep,Oct,Nov,Production Country_US_United States of America,Production Country_GB_United Kingdom,Production Country_FR_France,Production Country_DE_Germany,Production Country_IT_Italy,Production Country-Seg-1,Production Country-Seg-2,Production Country-Seg-3 -> popularityNorm",3.09302608714,363.67074768469587,0.12391197152
98,"budgetSquare,runtimeSquare,year,Cast_121323_Bess Flowers,Cast_113_Christopher Lee,Cast_4165_John Wayne,Cast_2231_Samuel L. Jackson,Cast_3895_Michael Caine,Cast-Seg-1,Cast-Seg-2,Cast-Seg-3,Cast-Seg-4,Crew_9062_Cedric Gibbons,Crew_2952_Avy Kaufman,Crew_4350_Edith Head,Crew_102429_Roger Corman,Crew_1259_Ennio Morricone,Crew-Seg-1,Crew-Seg-2,Crew-Seg-3,Crew-Seg-4,Genre_18_Drama,Genre_35_Comedy,Genre_53_Thriller,Genre_10749_Romance,Genre_28_Action,Genre-Seg-1,Genre-Seg-2,Production Company_6194_Warner Bros.,Production Company_8411_Metro-Goldwyn-Mayer (MGM),Production Company_4_Paramount Pictures,Production Company_306_Twentieth Century Fox Film Corporation,Production Company_33_Universal Pictures -> popularityNorm",3.41020934729,255.65294225563312,0.102473932308
99,"budgetSquare,runtimeSquare,year,Cast_121323_Bess Flowers,Cast_113_Christopher Lee,Cast_4165_John Wayne,Cast_2231_Samuel L. Jackson,Cast_3895_Michael Caine,Cast-Seg-1,Cast-Seg-2,Cast-Seg-3,Cast-Seg-4,Crew_9062_Cedric Gibbons,Crew_2952_Avy Kaufman,Crew_4350_Edith Head,Crew_102429_Roger Corman,Crew_1259_Ennio Morricone,Crew-Seg-1,Crew-Seg-2,Crew-Seg-3,Crew-Seg-4,Genre_18_Drama,Genre_35_Comedy,Genre_53_Thriller,Genre_10749_Romance,Genre_28_Action,Genre-Seg-1,Genre-Seg-2,Jan,Feb,Mar,Apr,May,Jun,Jul,Aug,Sep,Oct,Nov -> popularityNorm",2.97289974035,332.5414027731341,0.129039538317
100,"budgetSquare,runtimeSquare,year,Cast_121323_Bess Flowers,Cast_113_Christopher Lee,Cast_4165_John Wayne,Cast_2231_Samuel L. Jackson,Cast_3895_Michael Caine,Cast-Seg-1,Cast-Seg-2,Cast-Seg-3,Cast-Seg-4,Crew_9062_Cedric Gibbons,Crew_2952_Avy Kaufman,Crew_4350_Edith Head,Crew_102429_Roger Corman,Crew_1259_Ennio Morricone,Crew-Seg-1,Crew-Seg-2,Crew-Seg-3,Crew-Seg-4,Genre_18_Drama,Genre_35_Comedy,Genre_53_Thriller,Genre_10749_Romance,Genre_28_Action,Genre-Seg-1,Genre-Seg-2,Production Country_US_United States of America,Production Country_GB_United Kingdom,Production Country_FR_France,Production Country_DE_Germany,Production Country_IT_Italy,Production Country-Seg-1,Production Country-Seg-2,Production Country-Seg-3 -> popularityNorm",2.93502362413,277.65159791791996,0.118362857111
101,"budgetSquare,runtimeSquare,year,Cast_121323_Bess Flowers,Cast_113_Christopher Lee,Cast_4165_John Wayne,Cast_2231_Samuel L. Jackson,Cast_3895_Michael Caine,Cast-Seg-1,Cast-Seg-2,Cast-Seg-3,Cast-Seg-4,Crew_9062_Cedric Gibbons,Crew_2952_Avy Kaufman,Crew_4350_Edith Head,Crew_102429_Roger Corman,Crew_1259_Ennio Morricone,Crew-Seg-1,Crew-Seg-2,Crew-Seg-3,Crew-Seg-4,Production Company_6194_Warner Bros.,Production Company_8411_Metro-Goldwyn-Mayer (MGM),Production Company_4_Paramount Pictures,Production Company_306_Twentieth Century Fox Film Corporation,Production Company_33_Universal Pictures,Jan,Feb,Mar,Apr,May,Jun,Jul,Aug,Sep,Oct,Nov -> popularityNorm",2.88996571138,242.6714992830031,0.088181198573
102,"budgetSquare,runtimeSquare,year,Cast_121323_Bess Flowers,Cast_113_Christopher Lee,Cast_4165_John Wayne,Cast_2231_Samuel L. Jackson,Cast_3895_Michael Caine,Cast-Seg-1,Cast-Seg-2,Cast-Seg-3,Cast-Seg-4,Crew_9062_Cedric Gibbons,Crew_2952_Avy Kaufman,Crew_4350_Edith Head,Crew_102429_Roger Corman,Crew_1259_Ennio Morricone,Crew-Seg-1,Crew-Seg-2,Crew-Seg-3,Crew-Seg-4,Production Company_6194_Warner Bros.,Production Company_8411_Metro-Goldwyn-Mayer (MGM),Production Company_4_Paramount Pictures,Production Company_306_Twentieth Century Fox Film Corporation,Production Company_33_Universal Pictures,Production Country_US_United States of America,Production Country_GB_United Kingdom,Production Country_FR_France,Production Country_DE_Germany,Production Country_IT_Italy,Production Country-Seg-1,Production Country-Seg-2,Production Country-Seg-3 -> popularityNorm",3.06191704663,377.4953926297517,0.115956527306
103,"budgetSquare,runtimeSquare,year,Cast_121323_Bess Flowers,Cast_113_Christopher Lee,Cast_4165_John Wayne,Cast_2231_Samuel L. Jackson,Cast_3895_Michael Caine,Cast-Seg-1,Cast-Seg-2,Cast-Seg-3,Cast-Seg-4,Crew_9062_Cedric Gibbons,Crew_2952_Avy Kaufman,Crew_4350_Edith Head,Crew_102429_Roger Corman,Crew_1259_Ennio Morricone,Crew-Seg-1,Crew-Seg-2,Crew-Seg-3,Crew-Seg-4,Jan,Feb,Mar,Apr,May,Jun,Jul,Aug,Sep,Oct,Nov,Production Country_US_United States of America,Production Country_GB_United Kingdom,Production Country_FR_France,Production Country_DE_Germany,Production Country_IT_Italy,Production Country-Seg-1,Production Country-Seg-2,Production Country-Seg-3 -> popularityNorm",3.4156859952,228.33760300260036,0.112171821487
104,"budgetSquare,runtimeSquare,year,Cast_121323_Bess Flowers,Cast_113_Christopher Lee,Cast_4165_John Wayne,Cast_2231_Samuel L. Jackson,Cast_3895_Michael Caine,Cast-Seg-1,Cast-Seg-2,Cast-Seg-3,Cast-Seg-4,Genre_18_Drama,Genre_35_Comedy,Genre_53_Thriller,Genre_10749_Romance,Genre_28_Action,Genre-Seg-1,Genre-Seg-2,Production Company_6194_Warner Bros.,Production Company_8411_Metro-Goldwyn-Mayer (MGM),Production Company_4_Paramount Pictures,Production Company_306_Twentieth Century Fox Film Corporation,Production Company_33_Universal Pictures,Jan,Feb,Mar,Apr,May,Jun,Jul,Aug,Sep,Oct,Nov -> popularityNorm",2.95680488067,261.3434913443617,0.0892004501816
105,"budgetSquare,runtimeSquare,year,Cast_121323_Bess Flowers,Cast_113_Christopher Lee,Cast_4165_John Wayne,Cast_2231_Samuel L. Jackson,Cast_3895_Michael Caine,Cast-Seg-1,Cast-Seg-2,Cast-Seg-3,Cast-Seg-4,Genre_18_Drama,Genre_35_Comedy,Genre_53_Thriller,Genre_10749_Romance,Genre_28_Action,Genre-Seg-1,Genre-Seg-2,Production Company_6194_Warner Bros.,Production Company_8411_Metro-Goldwyn-Mayer (MGM),Production Company_4_Paramount Pictures,Production Company_306_Twentieth Century Fox Film Corporation,Production Company_33_Universal Pictures,Production Country_US_United States of America,Production Country_GB_United Kingdom,Production Country_FR_France,Production Country_DE_Germany,Production Country_IT_Italy,Production Country-Seg-1,Production Country-Seg-2,Production Country-Seg-3 -> popularityNorm",3.13370115905,271.14497929065175,0.105297060667
106,"budgetSquare,runtimeSquare,year,Cast_121323_Bess Flowers,Cast_113_Christopher Lee,Cast_4165_John Wayne,Cast_2231_Samuel L. Jackson,Cast_3895_Michael Caine,Cast-Seg-1,Cast-Seg-2,Cast-Seg-3,Cast-Seg-4,Genre_18_Drama,Genre_35_Comedy,Genre_53_Thriller,Genre_10749_Romance,Genre_28_Action,Genre-Seg-1,Genre-Seg-2,Jan,Feb,Mar,Apr,May,Jun,Jul,Aug,Sep,Oct,Nov,Production Country_US_United States of America,Production Country_GB_United Kingdom,Production Country_FR_France,Production Country_DE_Germany,Production Country_IT_Italy,Production Country-Seg-1,Production Country-Seg-2,Production Country-Seg-3 -> popularityNorm",2.99984045543,332.94157991867405,0.119740474537
107,"budgetSquare,runtimeSquare,year,Cast_121323_Bess Flowers,Cast_113_Christopher Lee,Cast_4165_John Wayne,Cast_2231_Samuel L. Jackson,Cast_3895_Michael Caine,Cast-Seg-1,Cast-Seg-2,Cast-Seg-3,Cast-Seg-4,Production Company_6194_Warner Bros.,Production Company_8411_Metro-Goldwyn-Mayer (MGM),Production Company_4_Paramount Pictures,Production Company_306_Twentieth Century Fox Film Corporation,Production Company_33_Universal Pictures,Jan,Feb,Mar,Apr,May,Jun,Jul,Aug,Sep,Oct,Nov,Production Country_US_United States of America,Production Country_GB_United Kingdom,Production Country_FR_France,Production Country_DE_Germany,Production Country_IT_Italy,Production Country-Seg-1,Production Country-Seg-2,Production Country-Seg-3 -> popularityNorm",3.22270419726,306.0345041773533,0.121828264939
108,"budgetSquare,runtimeSquare,year,Crew_9062_Cedric Gibbons,Crew_2952_Avy Kaufman,Crew_4350_Edith Head,Crew_102429_Roger Corman,Crew_1259_Ennio Morricone,Crew-Seg-1,Crew-Seg-2,Crew-Seg-3,Crew-Seg-4,Genre_18_Drama,Genre_35_Comedy,Genre_53_Thriller,Genre_10749_Romance,Genre_28_Action,Genre-Seg-1,Genre-Seg-2,Production Company_6194_Warner Bros.,Production Company_8411_Metro-Goldwyn-Mayer (MGM),Production Company_4_Paramount Pictures,Production Company_306_Twentieth Century Fox Film Corporation,Production Company_33_Universal Pictures,Jan,Feb,Mar,Apr,May,Jun,Jul,Aug,Sep,Oct,Nov -> popularityNorm",3.24601759749,315.5999233648824,0.102322463517
109,"budgetSquare,runtimeSquare,year,Crew_9062_Cedric Gibbons,Crew_2952_Avy Kaufman,Crew_4350_Edith Head,Crew_102429_Roger Corman,Crew_1259_Ennio Morricone,Crew-Seg-1,Crew-Seg-2,Crew-Seg-3,Crew-Seg-4,Genre_18_Drama,Genre_35_Comedy,Genre_53_Thriller,Genre_10749_Romance,Genre_28_Action,Genre-Seg-1,Genre-Seg-2,Production Company_6194_Warner Bros.,Production Company_8411_Metro-Goldwyn-Mayer (MGM),Production Company_4_Paramount Pictures,Production Company_306_Twentieth Century Fox Film Corporation,Production Company_33_Universal Pictures,Production Country_US_United States of America,Production Country_GB_United Kingdom,Production Country_FR_France,Production Country_DE_Germany,Production Country_IT_Italy,Production Country-Seg-1,Production Country-Seg-2,Production Country-Seg-3 -> popularityNorm",3.08138537276,287.5469154101495,0.126485641063
110,"budgetSquare,runtimeSquare,year,Crew_9062_Cedric Gibbons,Crew_2952_Avy Kaufman,Crew_4350_Edith Head,Crew_102429_Roger Corman,Crew_1259_Ennio Morricone,Crew-Seg-1,Crew-Seg-2,Crew-Seg-3,Crew-Seg-4,Genre_18_Drama,Genre_35_Comedy,Genre_53_Thriller,Genre_10749_Romance,Genre_28_Action,Genre-Seg-1,Genre-Seg-2,Jan,Feb,Mar,Apr,May,Jun,Jul,Aug,Sep,Oct,Nov,Production Country_US_United States of America,Production Country_GB_United Kingdom,Production Country_FR_France,Production Country_DE_Germany,Production Country_IT_Italy,Production Country-Seg-1,Production Country-Seg-2,Production Country-Seg-3 -> popularityNorm",3.03270685239,288.34334290741907,0.122277210618
111,"budgetSquare,runtimeSquare,year,Crew_9062_Cedric Gibbons,Crew_2952_Avy Kaufman,Crew_4350_Edith Head,Crew_102429_Roger Corman,Crew_1259_Ennio Morricone,Crew-Seg-1,Crew-Seg-2,Crew-Seg-3,Crew-Seg-4,Production Company_6194_Warner Bros.,Production Company_8411_Metro-Goldwyn-Mayer (MGM),Production Company_4_Paramount Pictures,Production Company_306_Twentieth Century Fox Film Corporation,Production Company_33_Universal Pictures,Jan,Feb,Mar,Apr,May,Jun,Jul,Aug,Sep,Oct,Nov,Production Country_US_United States of America,Production Country_GB_United Kingdom,Production Country_FR_France,Production Country_DE_Germany,Production Country_IT_Italy,Production Country-Seg-1,Production Country-Seg-2,Production Country-Seg-3 -> popularityNorm",3.22950227963,261.77825285580883,0.129159781544
112,"budgetSquare,runtimeSquare,year,Genre_18_Drama,Genre_35_Comedy,Genre_53_Thriller,Genre_10749_Romance,Genre_28_Action,Genre-Seg-1,Genre-Seg-2,Production Company_6194_Warner Bros.,Production Company_8411_Metro-Goldwyn-Mayer (MGM),Production Company_4_Paramount Pictures,Production Company_306_Twentieth Century Fox Film Corporation,Production Company_33_Universal Pictures,Jan,Feb,Mar,Apr,May,Jun,Jul,Aug,Sep,Oct,Nov,Production Country_US_United States of America,Production Country_GB_United Kingdom,Production Country_FR_France,Production Country_DE_Germany,Production Country_IT_Italy,Production Country-Seg-1,Production Country-Seg-2,Production Country-Seg-3 -> popularityNorm",3.36596534288,233.73164076780793,0.100964574789
113,"budgetSquare,runtimeSquare,Cast_121323_Bess Flowers,Cast_113_Christopher Lee,Cast_4165_John Wayne,Cast_2231_Samuel L. Jackson,Cast_3895_Michael Caine,Cast-Seg-1,Cast-Seg-2,Cast-Seg-3,Cast-Seg-4,Crew_9062_Cedric Gibbons,Crew_2952_Avy Kaufman,Crew_4350_Edith Head,Crew_102429_Roger Corman,Crew_1259_Ennio Morricone,Crew-Seg-1,Crew-Seg-2,Crew-Seg-3,Crew-Seg-4,Genre_18_Drama,Genre_35_Comedy,Genre_53_Thriller,Genre_10749_Romance,Genre_28_Action,Genre-Seg-1,Genre-Seg-2,Production Company_6194_Warner Bros.,Production Company_8411_Metro-Goldwyn-Mayer (MGM),Production Company_4_Paramount Pictures,Production Company_306_Twentieth Century Fox Film Corporation,Production Company_33_Universal Pictures,Jan,Feb,Mar,Apr,May,Jun,Jul,Aug,Sep,Oct,Nov -> popularityNorm",3.08584321309,273.8892123501906,0.135035847272
114,"budgetSquare,runtimeSquare,Cast_121323_Bess Flowers,Cast_113_Christopher Lee,Cast_4165_John Wayne,Cast_2231_Samuel L. Jackson,Cast_3895_Michael Caine,Cast-Seg-1,Cast-Seg-2,Cast-Seg-3,Cast-Seg-4,Crew_9062_Cedric Gibbons,Crew_2952_Avy Kaufman,Crew_4350_Edith Head,Crew_102429_Roger Corman,Crew_1259_Ennio Morricone,Crew-Seg-1,Crew-Seg-2,Crew-Seg-3,Crew-Seg-4,Genre_18_Drama,Genre_35_Comedy,Genre_53_Thriller,Genre_10749_Romance,Genre_28_Action,Genre-Seg-1,Genre-Seg-2,Production Company_6194_Warner Bros.,Production Company_8411_Metro-Goldwyn-Mayer (MGM),Production Company_4_Paramount Pictures,Production Company_306_Twentieth Century Fox Film Corporation,Production Company_33_Universal Pictures,Production Country_US_United States of America,Production Country_GB_United Kingdom,Production Country_FR_France,Production Country_DE_Germany,Production Country_IT_Italy,Production Country-Seg-1,Production Country-Seg-2,Production Country-Seg-3 -> popularityNorm",3.12608750796,291.9969042956825,0.109759227886
115,"budgetSquare,runtimeSquare,Cast_121323_Bess Flowers,Cast_113_Christopher Lee,Cast_4165_John Wayne,Cast_2231_Samuel L. Jackson,Cast_3895_Michael Caine,Cast-Seg-1,Cast-Seg-2,Cast-Seg-3,Cast-Seg-4,Crew_9062_Cedric Gibbons,Crew_2952_Avy Kaufman,Crew_4350_Edith Head,Crew_102429_Roger Corman,Crew_1259_Ennio Morricone,Crew-Seg-1,Crew-Seg-2,Crew-Seg-3,Crew-Seg-4,Genre_18_Drama,Genre_35_Comedy,Genre_53_Thriller,Genre_10749_Romance,Genre_28_Action,Genre-Seg-1,Genre-Seg-2,Jan,Feb,Mar,Apr,May,Jun,Jul,Aug,Sep,Oct,Nov,Production Country_US_United States of America,Production Country_GB_United Kingdom,Production Country_FR_France,Production Country_DE_Germany,Production Country_IT_Italy,Production Country-Seg-1,Production Country-Seg-2,Production Country-Seg-3 -> popularityNorm",3.10963373698,371.8262594244873,0.12029914415
116,"budgetSquare,runtimeSquare,Cast_121323_Bess Flowers,Cast_113_Christopher Lee,Cast_4165_John Wayne,Cast_2231_Samuel L. Jackson,Cast_3895_Michael Caine,Cast-Seg-1,Cast-Seg-2,Cast-Seg-3,Cast-Seg-4,Crew_9062_Cedric Gibbons,Crew_2952_Avy Kaufman,Crew_4350_Edith Head,Crew_102429_Roger Corman,Crew_1259_Ennio Morricone,Crew-Seg-1,Crew-Seg-2,Crew-Seg-3,Crew-Seg-4,Production Company_6194_Warner Bros.,Production Company_8411_Metro-Goldwyn-Mayer (MGM),Production Company_4_Paramount Pictures,Production Company_306_Twentieth Century Fox Film Corporation,Production Company_33_Universal Pictures,Jan,Feb,Mar,Apr,May,Jun,Jul,Aug,Sep,Oct,Nov,Production Country_US_United States of America,Production Country_GB_United Kingdom,Production Country_FR_France,Production Country_DE_Germany,Production Country_IT_Italy,Production Country-Seg-1,Production Country-Seg-2,Production Country-Seg-3 -> popularityNorm",3.04610266983,337.85739544816005,0.0998355847567
117,"budgetSquare,runtimeSquare,Cast_121323_Bess Flowers,Cast_113_Christopher Lee,Cast_4165_John Wayne,Cast_2231_Samuel L. Jackson,Cast_3895_Michael Caine,Cast-Seg-1,Cast-Seg-2,Cast-Seg-3,Cast-Seg-4,Genre_18_Drama,Genre_35_Comedy,Genre_53_Thriller,Genre_10749_Romance,Genre_28_Action,Genre-Seg-1,Genre-Seg-2,Production Company_6194_Warner Bros.,Production Company_8411_Metro-Goldwyn-Mayer (MGM),Production Company_4_Paramount Pictures,Production Company_306_Twentieth Century Fox Film Corporation,Production Company_33_Universal Pictures,Jan,Feb,Mar,Apr,May,Jun,Jul,Aug,Sep,Oct,Nov,Production Country_US_United States of America,Production Country_GB_United Kingdom,Production Country_FR_France,Production Country_DE_Germany,Production Country_IT_Italy,Production Country-Seg-1,Production Country-Seg-2,Production Country-Seg-3 -> popularityNorm",2.98554007413,290.5992885228137,0.0921179647122
118,"budgetSquare,runtimeSquare,Crew_9062_Cedric Gibbons,Crew_2952_Avy Kaufman,Crew_4350_Edith Head,Crew_102429_Roger Corman,Crew_1259_Ennio Morricone,Crew-Seg-1,Crew-Seg-2,Crew-Seg-3,Crew-Seg-4,Genre_18_Drama,Genre_35_Comedy,Genre_53_Thriller,Genre_10749_Romance,Genre_28_Action,Genre-Seg-1,Genre-Seg-2,Production Company_6194_Warner Bros.,Production Company_8411_Metro-Goldwyn-Mayer (MGM),Production Company_4_Paramount Pictures,Production Company_306_Twentieth Century Fox Film Corporation,Production Company_33_Universal Pictures,Jan,Feb,Mar,Apr,May,Jun,Jul,Aug,Sep,Oct,Nov,Production Country_US_United States of America,Production Country_GB_United Kingdom,Production Country_FR_France,Production Country_DE_Germany,Production Country_IT_Italy,Production Country-Seg-1,Production Country-Seg-2,Production Country-Seg-3 -> popularityNorm",2.69469776232,306.1805812067886,0.110376474526
119,"budgetSquare,runtimeSquare,year,Cast_121323_Bess Flowers,Cast_113_Christopher Lee,Cast_4165_John Wayne,Cast_2231_Samuel L. Jackson,Cast_3895_Michael Caine,Cast-Seg-1,Cast-Seg-2,Cast-Seg-3,Cast-Seg-4,Crew_9062_Cedric Gibbons,Crew_2952_Avy Kaufman,Crew_4350_Edith Head,Crew_102429_Roger Corman,Crew_1259_Ennio Morricone,Crew-Seg-1,Crew-Seg-2,Crew-Seg-3,Crew-Seg-4,Genre_18_Drama,Genre_35_Comedy,Genre_53_Thriller,Genre_10749_Romance,Genre_28_Action,Genre-Seg-1,Genre-Seg-2,Production Company_6194_Warner Bros.,Production Company_8411_Metro-Goldwyn-Mayer (MGM),Production Company_4_Paramount Pictures,Production Company_306_Twentieth Century Fox Film Corporation,Production Company_33_Universal Pictures,Jan,Feb,Mar,Apr,May,Jun,Jul,Aug,Sep,Oct,Nov -> popularityNorm",3.06931467389,284.23541188749766,0.122633350635
120,"budgetSquare,runtimeSquare,year,Cast_121323_Bess Flowers,Cast_113_Christopher Lee,Cast_4165_John Wayne,Cast_2231_Samuel L. Jackson,Cast_3895_Michael Caine,Cast-Seg-1,Cast-Seg-2,Cast-Seg-3,Cast-Seg-4,Crew_9062_Cedric Gibbons,Crew_2952_Avy Kaufman,Crew_4350_Edith Head,Crew_102429_Roger Corman,Crew_1259_Ennio Morricone,Crew-Seg-1,Crew-Seg-2,Crew-Seg-3,Crew-Seg-4,Genre_18_Drama,Genre_35_Comedy,Genre_53_Thriller,Genre_10749_Romance,Genre_28_Action,Genre-Seg-1,Genre-Seg-2,Production Company_6194_Warner Bros.,Production Company_8411_Metro-Goldwyn-Mayer (MGM),Production Company_4_Paramount Pictures,Production Company_306_Twentieth Century Fox Film Corporation,Production Company_33_Universal Pictures,Production Country_US_United States of America,Production Country_GB_United Kingdom,Production Country_FR_France,Production Country_DE_Germany,Production Country_IT_Italy,Production Country-Seg-1,Production Country-Seg-2,Production Country-Seg-3 -> popularityNorm",3.51687002028,352.816907207926,0.103502985645
121,"budgetSquare,runtimeSquare,year,Cast_121323_Bess Flowers,Cast_113_Christopher Lee,Cast_4165_John Wayne,Cast_2231_Samuel L. Jackson,Cast_3895_Michael Caine,Cast-Seg-1,Cast-Seg-2,Cast-Seg-3,Cast-Seg-4,Crew_9062_Cedric Gibbons,Crew_2952_Avy Kaufman,Crew_4350_Edith Head,Crew_102429_Roger Corman,Crew_1259_Ennio Morricone,Crew-Seg-1,Crew-Seg-2,Crew-Seg-3,Crew-Seg-4,Genre_18_Drama,Genre_35_Comedy,Genre_53_Thriller,Genre_10749_Romance,Genre_28_Action,Genre-Seg-1,Genre-Seg-2,Jan,Feb,Mar,Apr,May,Jun,Jul,Aug,Sep,Oct,Nov,Production Country_US_United States of America,Production Country_GB_United Kingdom,Production Country_FR_France,Production Country_DE_Germany,Production Country_IT_Italy,Production Country-Seg-1,Production Country-Seg-2,Production Country-Seg-3 -> popularityNorm",3.13876049517,372.5496974758019,0.107053605889
122,"budgetSquare,runtimeSquare,year,Cast_121323_Bess Flowers,Cast_113_Christopher Lee,Cast_4165_John Wayne,Cast_2231_Samuel L. Jackson,Cast_3895_Michael Caine,Cast-Seg-1,Cast-Seg-2,Cast-Seg-3,Cast-Seg-4,Crew_9062_Cedric Gibbons,Crew_2952_Avy Kaufman,Crew_4350_Edith Head,Crew_102429_Roger Corman,Crew_1259_Ennio Morricone,Crew-Seg-1,Crew-Seg-2,Crew-Seg-3,Crew-Seg-4,Production Company_6194_Warner Bros.,Production Company_8411_Metro-Goldwyn-Mayer (MGM),Production Company_4_Paramount Pictures,Production Company_306_Twentieth Century Fox Film Corporation,Production Company_33_Universal Pictures,Jan,Feb,Mar,Apr,May,Jun,Jul,Aug,Sep,Oct,Nov,Production Country_US_United States of America,Production Country_GB_United Kingdom,Production Country_FR_France,Production Country_DE_Germany,Production Country_IT_Italy,Production Country-Seg-1,Production Country-Seg-2,Production Country-Seg-3 -> popularityNorm",3.07887426456,265.1249828715136,0.121652497054
123,"budgetSquare,runtimeSquare,year,Cast_121323_Bess Flowers,Cast_113_Christopher Lee,Cast_4165_John Wayne,Cast_2231_Samuel L. Jackson,Cast_3895_Michael Caine,Cast-Seg-1,Cast-Seg-2,Cast-Seg-3,Cast-Seg-4,Genre_18_Drama,Genre_35_Comedy,Genre_53_Thriller,Genre_10749_Romance,Genre_28_Action,Genre-Seg-1,Genre-Seg-2,Production Company_6194_Warner Bros.,Production Company_8411_Metro-Goldwyn-Mayer (MGM),Production Company_4_Paramount Pictures,Production Company_306_Twentieth Century Fox Film Corporation,Production Company_33_Universal Pictures,Jan,Feb,Mar,Apr,May,Jun,Jul,Aug,Sep,Oct,Nov,Production Country_US_United States of America,Production Country_GB_United Kingdom,Production Country_FR_France,Production Country_DE_Germany,Production Country_IT_Italy,Production Country-Seg-1,Production Country-Seg-2,Production Country-Seg-3 -> popularityNorm",3.07567755822,345.53786143498604,0.126676527714
124,"budgetSquare,runtimeSquare,year,Crew_9062_Cedric Gibbons,Crew_2952_Avy Kaufman,Crew_4350_Edith Head,Crew_102429_Roger Corman,Crew_1259_Ennio Morricone,Crew-Seg-1,Crew-Seg-2,Crew-Seg-3,Crew-Seg-4,Genre_18_Drama,Genre_35_Comedy,Genre_53_Thriller,Genre_10749_Romance,Genre_28_Action,Genre-Seg-1,Genre-Seg-2,Production Company_6194_Warner Bros.,Production Company_8411_Metro-Goldwyn-Mayer (MGM),Production Company_4_Paramount Pictures,Production Company_306_Twentieth Century Fox Film Corporation,Production Company_33_Universal Pictures,Jan,Feb,Mar,Apr,May,Jun,Jul,Aug,Sep,Oct,Nov,Production Country_US_United States of America,Production Country_GB_United Kingdom,Production Country_FR_France,Production Country_DE_Germany,Production Country_IT_Italy,Production Country-Seg-1,Production Country-Seg-2,Production Country-Seg-3 -> popularityNorm",3.23824268775,370.2052707317655,0.110816068163
125,"budgetSquare,runtimeSquare,Cast_121323_Bess Flowers,Cast_113_Christopher Lee,Cast_4165_John Wayne,Cast_2231_Samuel L. Jackson,Cast_3895_Michael Caine,Cast-Seg-1,Cast-Seg-2,Cast-Seg-3,Cast-Seg-4,Crew_9062_Cedric Gibbons,Crew_2952_Avy Kaufman,Crew_4350_Edith Head,Crew_102429_Roger Corman,Crew_1259_Ennio Morricone,Crew-Seg-1,Crew-Seg-2,Crew-Seg-3,Crew-Seg-4,Genre_18_Drama,Genre_35_Comedy,Genre_53_Thriller,Genre_10749_Romance,Genre_28_Action,Genre-Seg-1,Genre-Seg-2,Production Company_6194_Warner Bros.,Production Company_8411_Metro-Goldwyn-Mayer (MGM),Production Company_4_Paramount Pictures,Production Company_306_Twentieth Century Fox Film Corporation,Production Company_33_Universal Pictures,Jan,Feb,Mar,Apr,May,Jun,Jul,Aug,Sep,Oct,Nov,Production Country_US_United States of America,Production Country_GB_United Kingdom,Production Country_FR_France,Production Country_DE_Germany,Production Country_IT_Italy,Production Country-Seg-1,Production Country-Seg-2,Production Country-Seg-3 -> popularityNorm",3.0172975637,459.6626091948601,0.118641242672
126,"budgetSquare,runtimeSquare,year,Cast_121323_Bess Flowers,Cast_113_Christopher Lee,Cast_4165_John Wayne,Cast_2231_Samuel L. Jackson,Cast_3895_Michael Caine,Cast-Seg-1,Cast-Seg-2,Cast-Seg-3,Cast-Seg-4,Crew_9062_Cedric Gibbons,Crew_2952_Avy Kaufman,Crew_4350_Edith Head,Crew_102429_Roger Corman,Crew_1259_Ennio Morricone,Crew-Seg-1,Crew-Seg-2,Crew-Seg-3,Crew-Seg-4,Genre_18_Drama,Genre_35_Comedy,Genre_53_Thriller,Genre_10749_Romance,Genre_28_Action,Genre-Seg-1,Genre-Seg-2,Production Company_6194_Warner Bros.,Production Company_8411_Metro-Goldwyn-Mayer (MGM),Production Company_4_Paramount Pictures,Production Company_306_Twentieth Century Fox Film Corporation,Production Company_33_Universal Pictures,Jan,Feb,Mar,Apr,May,Jun,Jul,Aug,Sep,Oct,Nov,Production Country_US_United States of America,Production Country_GB_United Kingdom,Production Country_FR_France,Production Country_DE_Germany,Production Country_IT_Italy,Production Country-Seg-1,Production Country-Seg-2,Production Country-Seg-3 -> popularityNorm",3.39609559306,323.2188613797525,0.107381189605
