Trial,Model,SK Prediction Score
0,"budgetSquare,runtimeSquare,year -> revenue (Class)",0.162417374882
1,"budgetSquare,runtimeSquare,Cast_121323_Bess Flowers,Cast_113_Christopher Lee,Cast_4165_John Wayne,Cast_2231_Samuel L. Jackson,Cast_3895_Michael Caine,Cast-Seg-1,Cast-Seg-2,Cast-Seg-3,Cast-Seg-4 -> revenue (Class)",0.176581680831
2,"budgetSquare,runtimeSquare,Crew_9062_Cedric Gibbons,Crew_2952_Avy Kaufman,Crew_4350_Edith Head,Crew_102429_Roger Corman,Crew_1259_Ennio Morricone,Crew-Seg-1,Crew-Seg-2,Crew-Seg-3,Crew-Seg-4 -> revenue (Class)",0.172804532578
3,"budgetSquare,runtimeSquare,Genre_18_Drama,Genre_35_Comedy,Genre_53_Thriller,Genre_10749_Romance,Genre_28_Action,Genre-Seg-1,Genre-Seg-2 -> revenue (Class)",0.170915958451
4,"budgetSquare,runtimeSquare,Production Company_6194_Warner Bros.,Production Company_8411_Metro-Goldwyn-Mayer (MGM),Production Company_4_Paramount Pictures,Production Company_306_Twentieth Century Fox Film Corporation,Production Company_33_Universal Pictures -> revenue (Class)",0.170915958451
5,"budgetSquare,runtimeSquare,Jan,Feb,Mar,Apr,May,Jun,Jul,Aug,Sep,Oct,Nov -> revenue (Class)",0.159584513692
6,"budgetSquare,runtimeSquare,Production Country_US_United States of America,Production Country_GB_United Kingdom,Production Country_FR_France,Production Country_DE_Germany,Production Country_IT_Italy,Production Country-Seg-1,Production Country-Seg-2,Production Country-Seg-3 -> revenue (Class)",0.163361661945
7,"budgetSquare,runtimeSquare,year,Cast_121323_Bess Flowers,Cast_113_Christopher Lee,Cast_4165_John Wayne,Cast_2231_Samuel L. Jackson,Cast_3895_Michael Caine,Cast-Seg-1,Cast-Seg-2,Cast-Seg-3,Cast-Seg-4 -> revenue (Class)",0.170915958451
8,"budgetSquare,runtimeSquare,year,Crew_9062_Cedric Gibbons,Crew_2952_Avy Kaufman,Crew_4350_Edith Head,Crew_102429_Roger Corman,Crew_1259_Ennio Morricone,Crew-Seg-1,Crew-Seg-2,Crew-Seg-3,Crew-Seg-4 -> revenue (Class)",0.178470254958
9,"budgetSquare,runtimeSquare,year,Genre_18_Drama,Genre_35_Comedy,Genre_53_Thriller,Genre_10749_Romance,Genre_28_Action,Genre-Seg-1,Genre-Seg-2 -> revenue (Class)",0.179414542021
10,"budgetSquare,runtimeSquare,year,Production Company_6194_Warner Bros.,Production Company_8411_Metro-Goldwyn-Mayer (MGM),Production Company_4_Paramount Pictures,Production Company_306_Twentieth Century Fox Film Corporation,Production Company_33_Universal Pictures -> revenue (Class)",0.170915958451
11,"budgetSquare,runtimeSquare,year,Jan,Feb,Mar,Apr,May,Jun,Jul,Aug,Sep,Oct,Nov -> revenue (Class)",0.163361661945
12,"budgetSquare,runtimeSquare,year,Production Country_US_United States of America,Production Country_GB_United Kingdom,Production Country_FR_France,Production Country_DE_Germany,Production Country_IT_Italy,Production Country-Seg-1,Production Country-Seg-2,Production Country-Seg-3 -> revenue (Class)",0.164305949008
13,"budgetSquare,runtimeSquare,Cast_121323_Bess Flowers,Cast_113_Christopher Lee,Cast_4165_John Wayne,Cast_2231_Samuel L. Jackson,Cast_3895_Michael Caine,Cast-Seg-1,Cast-Seg-2,Cast-Seg-3,Cast-Seg-4,Crew_9062_Cedric Gibbons,Crew_2952_Avy Kaufman,Crew_4350_Edith Head,Crew_102429_Roger Corman,Crew_1259_Ennio Morricone,Crew-Seg-1,Crew-Seg-2,Crew-Seg-3,Crew-Seg-4 -> revenue (Class)",0.170915958451
14,"budgetSquare,runtimeSquare,Cast_121323_Bess Flowers,Cast_113_Christopher Lee,Cast_4165_John Wayne,Cast_2231_Samuel L. Jackson,Cast_3895_Michael Caine,Cast-Seg-1,Cast-Seg-2,Cast-Seg-3,Cast-Seg-4,Genre_18_Drama,Genre_35_Comedy,Genre_53_Thriller,Genre_10749_Romance,Genre_28_Action,Genre-Seg-1,Genre-Seg-2 -> revenue (Class)",0.178470254958
15,"budgetSquare,runtimeSquare,Cast_121323_Bess Flowers,Cast_113_Christopher Lee,Cast_4165_John Wayne,Cast_2231_Samuel L. Jackson,Cast_3895_Michael Caine,Cast-Seg-1,Cast-Seg-2,Cast-Seg-3,Cast-Seg-4,Production Company_6194_Warner Bros.,Production Company_8411_Metro-Goldwyn-Mayer (MGM),Production Company_4_Paramount Pictures,Production Company_306_Twentieth Century Fox Film Corporation,Production Company_33_Universal Pictures -> revenue (Class)",0.170915958451
16,"budgetSquare,runtimeSquare,Cast_121323_Bess Flowers,Cast_113_Christopher Lee,Cast_4165_John Wayne,Cast_2231_Samuel L. Jackson,Cast_3895_Michael Caine,Cast-Seg-1,Cast-Seg-2,Cast-Seg-3,Cast-Seg-4,Jan,Feb,Mar,Apr,May,Jun,Jul,Aug,Sep,Oct,Nov -> revenue (Class)",0.1388101983
17,"budgetSquare,runtimeSquare,Cast_121323_Bess Flowers,Cast_113_Christopher Lee,Cast_4165_John Wayne,Cast_2231_Samuel L. Jackson,Cast_3895_Michael Caine,Cast-Seg-1,Cast-Seg-2,Cast-Seg-3,Cast-Seg-4,Production Country_US_United States of America,Production Country_GB_United Kingdom,Production Country_FR_France,Production Country_DE_Germany,Production Country_IT_Italy,Production Country-Seg-1,Production Country-Seg-2,Production Country-Seg-3 -> revenue (Class)",0.165250236072
18,"budgetSquare,runtimeSquare,Crew_9062_Cedric Gibbons,Crew_2952_Avy Kaufman,Crew_4350_Edith Head,Crew_102429_Roger Corman,Crew_1259_Ennio Morricone,Crew-Seg-1,Crew-Seg-2,Crew-Seg-3,Crew-Seg-4,Genre_18_Drama,Genre_35_Comedy,Genre_53_Thriller,Genre_10749_Romance,Genre_28_Action,Genre-Seg-1,Genre-Seg-2 -> revenue (Class)",0.183191690274
19,"budgetSquare,runtimeSquare,Crew_9062_Cedric Gibbons,Crew_2952_Avy Kaufman,Crew_4350_Edith Head,Crew_102429_Roger Corman,Crew_1259_Ennio Morricone,Crew-Seg-1,Crew-Seg-2,Crew-Seg-3,Crew-Seg-4,Production Company_6194_Warner Bros.,Production Company_8411_Metro-Goldwyn-Mayer (MGM),Production Company_4_Paramount Pictures,Production Company_306_Twentieth Century Fox Film Corporation,Production Company_33_Universal Pictures -> revenue (Class)",0.179414542021
20,"budgetSquare,runtimeSquare,Crew_9062_Cedric Gibbons,Crew_2952_Avy Kaufman,Crew_4350_Edith Head,Crew_102429_Roger Corman,Crew_1259_Ennio Morricone,Crew-Seg-1,Crew-Seg-2,Crew-Seg-3,Crew-Seg-4,Jan,Feb,Mar,Apr,May,Jun,Jul,Aug,Sep,Oct,Nov -> revenue (Class)",0.177525967894
21,"budgetSquare,runtimeSquare,Crew_9062_Cedric Gibbons,Crew_2952_Avy Kaufman,Crew_4350_Edith Head,Crew_102429_Roger Corman,Crew_1259_Ennio Morricone,Crew-Seg-1,Crew-Seg-2,Crew-Seg-3,Crew-Seg-4,Production Country_US_United States of America,Production Country_GB_United Kingdom,Production Country_FR_France,Production Country_DE_Germany,Production Country_IT_Italy,Production Country-Seg-1,Production Country-Seg-2,Production Country-Seg-3 -> revenue (Class)",0.160528800755
22,"budgetSquare,runtimeSquare,Genre_18_Drama,Genre_35_Comedy,Genre_53_Thriller,Genre_10749_Romance,Genre_28_Action,Genre-Seg-1,Genre-Seg-2,Production Company_6194_Warner Bros.,Production Company_8411_Metro-Goldwyn-Mayer (MGM),Production Company_4_Paramount Pictures,Production Company_306_Twentieth Century Fox Film Corporation,Production Company_33_Universal Pictures -> revenue (Class)",0.165250236072
23,"budgetSquare,runtimeSquare,Genre_18_Drama,Genre_35_Comedy,Genre_53_Thriller,Genre_10749_Romance,Genre_28_Action,Genre-Seg-1,Genre-Seg-2,Jan,Feb,Mar,Apr,May,Jun,Jul,Aug,Sep,Oct,Nov -> revenue (Class)",0.161473087819
24,"budgetSquare,runtimeSquare,Genre_18_Drama,Genre_35_Comedy,Genre_53_Thriller,Genre_10749_Romance,Genre_28_Action,Genre-Seg-1,Genre-Seg-2,Production Country_US_United States of America,Production Country_GB_United Kingdom,Production Country_FR_France,Production Country_DE_Germany,Production Country_IT_Italy,Production Country-Seg-1,Production Country-Seg-2,Production Country-Seg-3 -> revenue (Class)",0.181303116147
25,"budgetSquare,runtimeSquare,Production Company_6194_Warner Bros.,Production Company_8411_Metro-Goldwyn-Mayer (MGM),Production Company_4_Paramount Pictures,Production Company_306_Twentieth Century Fox Film Corporation,Production Company_33_Universal Pictures,Jan,Feb,Mar,Apr,May,Jun,Jul,Aug,Sep,Oct,Nov -> revenue (Class)",0.162417374882
26,"budgetSquare,runtimeSquare,Production Company_6194_Warner Bros.,Production Company_8411_Metro-Goldwyn-Mayer (MGM),Production Company_4_Paramount Pictures,Production Company_306_Twentieth Century Fox Film Corporation,Production Company_33_Universal Pictures,Production Country_US_United States of America,Production Country_GB_United Kingdom,Production Country_FR_France,Production Country_DE_Germany,Production Country_IT_Italy,Production Country-Seg-1,Production Country-Seg-2,Production Country-Seg-3 -> revenue (Class)",0.165250236072
27,"budgetSquare,runtimeSquare,Jan,Feb,Mar,Apr,May,Jun,Jul,Aug,Sep,Oct,Nov,Production Country_US_United States of America,Production Country_GB_United Kingdom,Production Country_FR_France,Production Country_DE_Germany,Production Country_IT_Italy,Production Country-Seg-1,Production Country-Seg-2,Production Country-Seg-3 -> revenue (Class)",0.184135977337
28,"budgetSquare,runtimeSquare,year,Cast_121323_Bess Flowers,Cast_113_Christopher Lee,Cast_4165_John Wayne,Cast_2231_Samuel L. Jackson,Cast_3895_Michael Caine,Cast-Seg-1,Cast-Seg-2,Cast-Seg-3,Cast-Seg-4,Crew_9062_Cedric Gibbons,Crew_2952_Avy Kaufman,Crew_4350_Edith Head,Crew_102429_Roger Corman,Crew_1259_Ennio Morricone,Crew-Seg-1,Crew-Seg-2,Crew-Seg-3,Crew-Seg-4 -> revenue (Class)",0.161473087819
29,"budgetSquare,runtimeSquare,year,Cast_121323_Bess Flowers,Cast_113_Christopher Lee,Cast_4165_John Wayne,Cast_2231_Samuel L. Jackson,Cast_3895_Michael Caine,Cast-Seg-1,Cast-Seg-2,Cast-Seg-3,Cast-Seg-4,Genre_18_Drama,Genre_35_Comedy,Genre_53_Thriller,Genre_10749_Romance,Genre_28_Action,Genre-Seg-1,Genre-Seg-2 -> revenue (Class)",0.175637393768
30,"budgetSquare,runtimeSquare,year,Cast_121323_Bess Flowers,Cast_113_Christopher Lee,Cast_4165_John Wayne,Cast_2231_Samuel L. Jackson,Cast_3895_Michael Caine,Cast-Seg-1,Cast-Seg-2,Cast-Seg-3,Cast-Seg-4,Production Company_6194_Warner Bros.,Production Company_8411_Metro-Goldwyn-Mayer (MGM),Production Company_4_Paramount Pictures,Production Company_306_Twentieth Century Fox Film Corporation,Production Company_33_Universal Pictures -> revenue (Class)",0.169971671388
31,"budgetSquare,runtimeSquare,year,Cast_121323_Bess Flowers,Cast_113_Christopher Lee,Cast_4165_John Wayne,Cast_2231_Samuel L. Jackson,Cast_3895_Michael Caine,Cast-Seg-1,Cast-Seg-2,Cast-Seg-3,Cast-Seg-4,Jan,Feb,Mar,Apr,May,Jun,Jul,Aug,Sep,Oct,Nov -> revenue (Class)",0.152974504249
32,"budgetSquare,runtimeSquare,year,Cast_121323_Bess Flowers,Cast_113_Christopher Lee,Cast_4165_John Wayne,Cast_2231_Samuel L. Jackson,Cast_3895_Michael Caine,Cast-Seg-1,Cast-Seg-2,Cast-Seg-3,Cast-Seg-4,Production Country_US_United States of America,Production Country_GB_United Kingdom,Production Country_FR_France,Production Country_DE_Germany,Production Country_IT_Italy,Production Country-Seg-1,Production Country-Seg-2,Production Country-Seg-3 -> revenue (Class)",0.181303116147
33,"budgetSquare,runtimeSquare,year,Crew_9062_Cedric Gibbons,Crew_2952_Avy Kaufman,Crew_4350_Edith Head,Crew_102429_Roger Corman,Crew_1259_Ennio Morricone,Crew-Seg-1,Crew-Seg-2,Crew-Seg-3,Crew-Seg-4,Genre_18_Drama,Genre_35_Comedy,Genre_53_Thriller,Genre_10749_Romance,Genre_28_Action,Genre-Seg-1,Genre-Seg-2 -> revenue (Class)",0.172804532578
34,"budgetSquare,runtimeSquare,year,Crew_9062_Cedric Gibbons,Crew_2952_Avy Kaufman,Crew_4350_Edith Head,Crew_102429_Roger Corman,Crew_1259_Ennio Morricone,Crew-Seg-1,Crew-Seg-2,Crew-Seg-3,Crew-Seg-4,Production Company_6194_Warner Bros.,Production Company_8411_Metro-Goldwyn-Mayer (MGM),Production Company_4_Paramount Pictures,Production Company_306_Twentieth Century Fox Film Corporation,Production Company_33_Universal Pictures -> revenue (Class)",0.181303116147
35,"budgetSquare,runtimeSquare,year,Crew_9062_Cedric Gibbons,Crew_2952_Avy Kaufman,Crew_4350_Edith Head,Crew_102429_Roger Corman,Crew_1259_Ennio Morricone,Crew-Seg-1,Crew-Seg-2,Crew-Seg-3,Crew-Seg-4,Jan,Feb,Mar,Apr,May,Jun,Jul,Aug,Sep,Oct,Nov -> revenue (Class)",0.176581680831
36,"budgetSquare,runtimeSquare,year,Crew_9062_Cedric Gibbons,Crew_2952_Avy Kaufman,Crew_4350_Edith Head,Crew_102429_Roger Corman,Crew_1259_Ennio Morricone,Crew-Seg-1,Crew-Seg-2,Crew-Seg-3,Crew-Seg-4,Production Country_US_United States of America,Production Country_GB_United Kingdom,Production Country_FR_France,Production Country_DE_Germany,Production Country_IT_Italy,Production Country-Seg-1,Production Country-Seg-2,Production Country-Seg-3 -> revenue (Class)",0.156751652502
37,"budgetSquare,runtimeSquare,year,Genre_18_Drama,Genre_35_Comedy,Genre_53_Thriller,Genre_10749_Romance,Genre_28_Action,Genre-Seg-1,Genre-Seg-2,Production Company_6194_Warner Bros.,Production Company_8411_Metro-Goldwyn-Mayer (MGM),Production Company_4_Paramount Pictures,Production Company_306_Twentieth Century Fox Film Corporation,Production Company_33_Universal Pictures -> revenue (Class)",0.182247403211
38,"budgetSquare,runtimeSquare,year,Genre_18_Drama,Genre_35_Comedy,Genre_53_Thriller,Genre_10749_Romance,Genre_28_Action,Genre-Seg-1,Genre-Seg-2,Jan,Feb,Mar,Apr,May,Jun,Jul,Aug,Sep,Oct,Nov -> revenue (Class)",0.202077431539
39,"budgetSquare,runtimeSquare,year,Genre_18_Drama,Genre_35_Comedy,Genre_53_Thriller,Genre_10749_Romance,Genre_28_Action,Genre-Seg-1,Genre-Seg-2,Production Country_US_United States of America,Production Country_GB_United Kingdom,Production Country_FR_France,Production Country_DE_Germany,Production Country_IT_Italy,Production Country-Seg-1,Production Country-Seg-2,Production Country-Seg-3 -> revenue (Class)",0.161473087819
40,"budgetSquare,runtimeSquare,year,Production Company_6194_Warner Bros.,Production Company_8411_Metro-Goldwyn-Mayer (MGM),Production Company_4_Paramount Pictures,Production Company_306_Twentieth Century Fox Film Corporation,Production Company_33_Universal Pictures,Jan,Feb,Mar,Apr,May,Jun,Jul,Aug,Sep,Oct,Nov -> revenue (Class)",0.168083097262
41,"budgetSquare,runtimeSquare,year,Production Company_6194_Warner Bros.,Production Company_8411_Metro-Goldwyn-Mayer (MGM),Production Company_4_Paramount Pictures,Production Company_306_Twentieth Century Fox Film Corporation,Production Company_33_Universal Pictures,Production Country_US_United States of America,Production Country_GB_United Kingdom,Production Country_FR_France,Production Country_DE_Germany,Production Country_IT_Italy,Production Country-Seg-1,Production Country-Seg-2,Production Country-Seg-3 -> revenue (Class)",0.171860245515
42,"budgetSquare,runtimeSquare,year,Jan,Feb,Mar,Apr,May,Jun,Jul,Aug,Sep,Oct,Nov,Production Country_US_United States of America,Production Country_GB_United Kingdom,Production Country_FR_France,Production Country_DE_Germany,Production Country_IT_Italy,Production Country-Seg-1,Production Country-Seg-2,Production Country-Seg-3 -> revenue (Class)",0.161473087819
43,"budgetSquare,runtimeSquare,Cast_121323_Bess Flowers,Cast_113_Christopher Lee,Cast_4165_John Wayne,Cast_2231_Samuel L. Jackson,Cast_3895_Michael Caine,Cast-Seg-1,Cast-Seg-2,Cast-Seg-3,Cast-Seg-4,Crew_9062_Cedric Gibbons,Crew_2952_Avy Kaufman,Crew_4350_Edith Head,Crew_102429_Roger Corman,Crew_1259_Ennio Morricone,Crew-Seg-1,Crew-Seg-2,Crew-Seg-3,Crew-Seg-4,Genre_18_Drama,Genre_35_Comedy,Genre_53_Thriller,Genre_10749_Romance,Genre_28_Action,Genre-Seg-1,Genre-Seg-2 -> revenue (Class)",0.160528800755
44,"budgetSquare,runtimeSquare,Cast_121323_Bess Flowers,Cast_113_Christopher Lee,Cast_4165_John Wayne,Cast_2231_Samuel L. Jackson,Cast_3895_Michael Caine,Cast-Seg-1,Cast-Seg-2,Cast-Seg-3,Cast-Seg-4,Crew_9062_Cedric Gibbons,Crew_2952_Avy Kaufman,Crew_4350_Edith Head,Crew_102429_Roger Corman,Crew_1259_Ennio Morricone,Crew-Seg-1,Crew-Seg-2,Crew-Seg-3,Crew-Seg-4,Production Company_6194_Warner Bros.,Production Company_8411_Metro-Goldwyn-Mayer (MGM),Production Company_4_Paramount Pictures,Production Company_306_Twentieth Century Fox Film Corporation,Production Company_33_Universal Pictures -> revenue (Class)",0.170915958451
45,"budgetSquare,runtimeSquare,Cast_121323_Bess Flowers,Cast_113_Christopher Lee,Cast_4165_John Wayne,Cast_2231_Samuel L. Jackson,Cast_3895_Michael Caine,Cast-Seg-1,Cast-Seg-2,Cast-Seg-3,Cast-Seg-4,Crew_9062_Cedric Gibbons,Crew_2952_Avy Kaufman,Crew_4350_Edith Head,Crew_102429_Roger Corman,Crew_1259_Ennio Morricone,Crew-Seg-1,Crew-Seg-2,Crew-Seg-3,Crew-Seg-4,Jan,Feb,Mar,Apr,May,Jun,Jul,Aug,Sep,Oct,Nov -> revenue (Class)",0.178470254958
46,"budgetSquare,runtimeSquare,Cast_121323_Bess Flowers,Cast_113_Christopher Lee,Cast_4165_John Wayne,Cast_2231_Samuel L. Jackson,Cast_3895_Michael Caine,Cast-Seg-1,Cast-Seg-2,Cast-Seg-3,Cast-Seg-4,Crew_9062_Cedric Gibbons,Crew_2952_Avy Kaufman,Crew_4350_Edith Head,Crew_102429_Roger Corman,Crew_1259_Ennio Morricone,Crew-Seg-1,Crew-Seg-2,Crew-Seg-3,Crew-Seg-4,Production Country_US_United States of America,Production Country_GB_United Kingdom,Production Country_FR_France,Production Country_DE_Germany,Production Country_IT_Italy,Production Country-Seg-1,Production Country-Seg-2,Production Country-Seg-3 -> revenue (Class)",0.166194523135
47,"budgetSquare,runtimeSquare,Cast_121323_Bess Flowers,Cast_113_Christopher Lee,Cast_4165_John Wayne,Cast_2231_Samuel L. Jackson,Cast_3895_Michael Caine,Cast-Seg-1,Cast-Seg-2,Cast-Seg-3,Cast-Seg-4,Genre_18_Drama,Genre_35_Comedy,Genre_53_Thriller,Genre_10749_Romance,Genre_28_Action,Genre-Seg-1,Genre-Seg-2,Production Company_6194_Warner Bros.,Production Company_8411_Metro-Goldwyn-Mayer (MGM),Production Company_4_Paramount Pictures,Production Company_306_Twentieth Century Fox Film Corporation,Production Company_33_Universal Pictures -> revenue (Class)",0.194523135033
48,"budgetSquare,runtimeSquare,Cast_121323_Bess Flowers,Cast_113_Christopher Lee,Cast_4165_John Wayne,Cast_2231_Samuel L. Jackson,Cast_3895_Michael Caine,Cast-Seg-1,Cast-Seg-2,Cast-Seg-3,Cast-Seg-4,Genre_18_Drama,Genre_35_Comedy,Genre_53_Thriller,Genre_10749_Romance,Genre_28_Action,Genre-Seg-1,Genre-Seg-2,Jan,Feb,Mar,Apr,May,Jun,Jul,Aug,Sep,Oct,Nov -> revenue (Class)",0.175637393768
49,"budgetSquare,runtimeSquare,Cast_121323_Bess Flowers,Cast_113_Christopher Lee,Cast_4165_John Wayne,Cast_2231_Samuel L. Jackson,Cast_3895_Michael Caine,Cast-Seg-1,Cast-Seg-2,Cast-Seg-3,Cast-Seg-4,Genre_18_Drama,Genre_35_Comedy,Genre_53_Thriller,Genre_10749_Romance,Genre_28_Action,Genre-Seg-1,Genre-Seg-2,Production Country_US_United States of America,Production Country_GB_United Kingdom,Production Country_FR_France,Production Country_DE_Germany,Production Country_IT_Italy,Production Country-Seg-1,Production Country-Seg-2,Production Country-Seg-3 -> revenue (Class)",0.169027384325
50,"budgetSquare,runtimeSquare,Cast_121323_Bess Flowers,Cast_113_Christopher Lee,Cast_4165_John Wayne,Cast_2231_Samuel L. Jackson,Cast_3895_Michael Caine,Cast-Seg-1,Cast-Seg-2,Cast-Seg-3,Cast-Seg-4,Production Company_6194_Warner Bros.,Production Company_8411_Metro-Goldwyn-Mayer (MGM),Production Company_4_Paramount Pictures,Production Company_306_Twentieth Century Fox Film Corporation,Production Company_33_Universal Pictures,Jan,Feb,Mar,Apr,May,Jun,Jul,Aug,Sep,Oct,Nov -> revenue (Class)",0.173748819641
51,"budgetSquare,runtimeSquare,Cast_121323_Bess Flowers,Cast_113_Christopher Lee,Cast_4165_John Wayne,Cast_2231_Samuel L. Jackson,Cast_3895_Michael Caine,Cast-Seg-1,Cast-Seg-2,Cast-Seg-3,Cast-Seg-4,Production Company_6194_Warner Bros.,Production Company_8411_Metro-Goldwyn-Mayer (MGM),Production Company_4_Paramount Pictures,Production Company_306_Twentieth Century Fox Film Corporation,Production Company_33_Universal Pictures,Production Country_US_United States of America,Production Country_GB_United Kingdom,Production Country_FR_France,Production Country_DE_Germany,Production Country_IT_Italy,Production Country-Seg-1,Production Country-Seg-2,Production Country-Seg-3 -> revenue (Class)",0.168083097262
52,"budgetSquare,runtimeSquare,Cast_121323_Bess Flowers,Cast_113_Christopher Lee,Cast_4165_John Wayne,Cast_2231_Samuel L. Jackson,Cast_3895_Michael Caine,Cast-Seg-1,Cast-Seg-2,Cast-Seg-3,Cast-Seg-4,Jan,Feb,Mar,Apr,May,Jun,Jul,Aug,Sep,Oct,Nov,Production Country_US_United States of America,Production Country_GB_United Kingdom,Production Country_FR_France,Production Country_DE_Germany,Production Country_IT_Italy,Production Country-Seg-1,Production Country-Seg-2,Production Country-Seg-3 -> revenue (Class)",0.173748819641
53,"budgetSquare,runtimeSquare,Crew_9062_Cedric Gibbons,Crew_2952_Avy Kaufman,Crew_4350_Edith Head,Crew_102429_Roger Corman,Crew_1259_Ennio Morricone,Crew-Seg-1,Crew-Seg-2,Crew-Seg-3,Crew-Seg-4,Genre_18_Drama,Genre_35_Comedy,Genre_53_Thriller,Genre_10749_Romance,Genre_28_Action,Genre-Seg-1,Genre-Seg-2,Production Company_6194_Warner Bros.,Production Company_8411_Metro-Goldwyn-Mayer (MGM),Production Company_4_Paramount Pictures,Production Company_306_Twentieth Century Fox Film Corporation,Production Company_33_Universal Pictures -> revenue (Class)",0.172804532578
54,"budgetSquare,runtimeSquare,Crew_9062_Cedric Gibbons,Crew_2952_Avy Kaufman,Crew_4350_Edith Head,Crew_102429_Roger Corman,Crew_1259_Ennio Morricone,Crew-Seg-1,Crew-Seg-2,Crew-Seg-3,Crew-Seg-4,Genre_18_Drama,Genre_35_Comedy,Genre_53_Thriller,Genre_10749_Romance,Genre_28_Action,Genre-Seg-1,Genre-Seg-2,Jan,Feb,Mar,Apr,May,Jun,Jul,Aug,Sep,Oct,Nov -> revenue (Class)",0.18791312559
55,"budgetSquare,runtimeSquare,Crew_9062_Cedric Gibbons,Crew_2952_Avy Kaufman,Crew_4350_Edith Head,Crew_102429_Roger Corman,Crew_1259_Ennio Morricone,Crew-Seg-1,Crew-Seg-2,Crew-Seg-3,Crew-Seg-4,Genre_18_Drama,Genre_35_Comedy,Genre_53_Thriller,Genre_10749_Romance,Genre_28_Action,Genre-Seg-1,Genre-Seg-2,Production Country_US_United States of America,Production Country_GB_United Kingdom,Production Country_FR_France,Production Country_DE_Germany,Production Country_IT_Italy,Production Country-Seg-1,Production Country-Seg-2,Production Country-Seg-3 -> revenue (Class)",0.1850802644
56,"budgetSquare,runtimeSquare,Crew_9062_Cedric Gibbons,Crew_2952_Avy Kaufman,Crew_4350_Edith Head,Crew_102429_Roger Corman,Crew_1259_Ennio Morricone,Crew-Seg-1,Crew-Seg-2,Crew-Seg-3,Crew-Seg-4,Production Company_6194_Warner Bros.,Production Company_8411_Metro-Goldwyn-Mayer (MGM),Production Company_4_Paramount Pictures,Production Company_306_Twentieth Century Fox Film Corporation,Production Company_33_Universal Pictures,Jan,Feb,Mar,Apr,May,Jun,Jul,Aug,Sep,Oct,Nov -> revenue (Class)",0.173748819641
57,"budgetSquare,runtimeSquare,Crew_9062_Cedric Gibbons,Crew_2952_Avy Kaufman,Crew_4350_Edith Head,Crew_102429_Roger Corman,Crew_1259_Ennio Morricone,Crew-Seg-1,Crew-Seg-2,Crew-Seg-3,Crew-Seg-4,Production Company_6194_Warner Bros.,Production Company_8411_Metro-Goldwyn-Mayer (MGM),Production Company_4_Paramount Pictures,Production Company_306_Twentieth Century Fox Film Corporation,Production Company_33_Universal Pictures,Production Country_US_United States of America,Production Country_GB_United Kingdom,Production Country_FR_France,Production Country_DE_Germany,Production Country_IT_Italy,Production Country-Seg-1,Production Country-Seg-2,Production Country-Seg-3 -> revenue (Class)",0.174693106704
58,"budgetSquare,runtimeSquare,Crew_9062_Cedric Gibbons,Crew_2952_Avy Kaufman,Crew_4350_Edith Head,Crew_102429_Roger Corman,Crew_1259_Ennio Morricone,Crew-Seg-1,Crew-Seg-2,Crew-Seg-3,Crew-Seg-4,Jan,Feb,Mar,Apr,May,Jun,Jul,Aug,Sep,Oct,Nov,Production Country_US_United States of America,Production Country_GB_United Kingdom,Production Country_FR_France,Production Country_DE_Germany,Production Country_IT_Italy,Production Country-Seg-1,Production Country-Seg-2,Production Country-Seg-3 -> revenue (Class)",0.178470254958
59,"budgetSquare,runtimeSquare,Genre_18_Drama,Genre_35_Comedy,Genre_53_Thriller,Genre_10749_Romance,Genre_28_Action,Genre-Seg-1,Genre-Seg-2,Production Company_6194_Warner Bros.,Production Company_8411_Metro-Goldwyn-Mayer (MGM),Production Company_4_Paramount Pictures,Production Company_306_Twentieth Century Fox Film Corporation,Production Company_33_Universal Pictures,Jan,Feb,Mar,Apr,May,Jun,Jul,Aug,Sep,Oct,Nov -> revenue (Class)",0.180358829084
60,"budgetSquare,runtimeSquare,Genre_18_Drama,Genre_35_Comedy,Genre_53_Thriller,Genre_10749_Romance,Genre_28_Action,Genre-Seg-1,Genre-Seg-2,Production Company_6194_Warner Bros.,Production Company_8411_Metro-Goldwyn-Mayer (MGM),Production Company_4_Paramount Pictures,Production Company_306_Twentieth Century Fox Film Corporation,Production Company_33_Universal Pictures,Production Country_US_United States of America,Production Country_GB_United Kingdom,Production Country_FR_France,Production Country_DE_Germany,Production Country_IT_Italy,Production Country-Seg-1,Production Country-Seg-2,Production Country-Seg-3 -> revenue (Class)",0.163361661945
61,"budgetSquare,runtimeSquare,Genre_18_Drama,Genre_35_Comedy,Genre_53_Thriller,Genre_10749_Romance,Genre_28_Action,Genre-Seg-1,Genre-Seg-2,Jan,Feb,Mar,Apr,May,Jun,Jul,Aug,Sep,Oct,Nov,Production Country_US_United States of America,Production Country_GB_United Kingdom,Production Country_FR_France,Production Country_DE_Germany,Production Country_IT_Italy,Production Country-Seg-1,Production Country-Seg-2,Production Country-Seg-3 -> revenue (Class)",0.163361661945
62,"budgetSquare,runtimeSquare,Production Company_6194_Warner Bros.,Production Company_8411_Metro-Goldwyn-Mayer (MGM),Production Company_4_Paramount Pictures,Production Company_306_Twentieth Century Fox Film Corporation,Production Company_33_Universal Pictures,Jan,Feb,Mar,Apr,May,Jun,Jul,Aug,Sep,Oct,Nov,Production Country_US_United States of America,Production Country_GB_United Kingdom,Production Country_FR_France,Production Country_DE_Germany,Production Country_IT_Italy,Production Country-Seg-1,Production Country-Seg-2,Production Country-Seg-3 -> revenue (Class)",0.165250236072
63,"budgetSquare,runtimeSquare,year,Cast_121323_Bess Flowers,Cast_113_Christopher Lee,Cast_4165_John Wayne,Cast_2231_Samuel L. Jackson,Cast_3895_Michael Caine,Cast-Seg-1,Cast-Seg-2,Cast-Seg-3,Cast-Seg-4,Crew_9062_Cedric Gibbons,Crew_2952_Avy Kaufman,Crew_4350_Edith Head,Crew_102429_Roger Corman,Crew_1259_Ennio Morricone,Crew-Seg-1,Crew-Seg-2,Crew-Seg-3,Crew-Seg-4,Genre_18_Drama,Genre_35_Comedy,Genre_53_Thriller,Genre_10749_Romance,Genre_28_Action,Genre-Seg-1,Genre-Seg-2 -> revenue (Class)",0.194523135033
64,"budgetSquare,runtimeSquare,year,Cast_121323_Bess Flowers,Cast_113_Christopher Lee,Cast_4165_John Wayne,Cast_2231_Samuel L. Jackson,Cast_3895_Michael Caine,Cast-Seg-1,Cast-Seg-2,Cast-Seg-3,Cast-Seg-4,Crew_9062_Cedric Gibbons,Crew_2952_Avy Kaufman,Crew_4350_Edith Head,Crew_102429_Roger Corman,Crew_1259_Ennio Morricone,Crew-Seg-1,Crew-Seg-2,Crew-Seg-3,Crew-Seg-4,Production Company_6194_Warner Bros.,Production Company_8411_Metro-Goldwyn-Mayer (MGM),Production Company_4_Paramount Pictures,Production Company_306_Twentieth Century Fox Film Corporation,Production Company_33_Universal Pictures -> revenue (Class)",0.169971671388
65,"budgetSquare,runtimeSquare,year,Cast_121323_Bess Flowers,Cast_113_Christopher Lee,Cast_4165_John Wayne,Cast_2231_Samuel L. Jackson,Cast_3895_Michael Caine,Cast-Seg-1,Cast-Seg-2,Cast-Seg-3,Cast-Seg-4,Crew_9062_Cedric Gibbons,Crew_2952_Avy Kaufman,Crew_4350_Edith Head,Crew_102429_Roger Corman,Crew_1259_Ennio Morricone,Crew-Seg-1,Crew-Seg-2,Crew-Seg-3,Crew-Seg-4,Jan,Feb,Mar,Apr,May,Jun,Jul,Aug,Sep,Oct,Nov -> revenue (Class)",0.152974504249
66,"budgetSquare,runtimeSquare,year,Cast_121323_Bess Flowers,Cast_113_Christopher Lee,Cast_4165_John Wayne,Cast_2231_Samuel L. Jackson,Cast_3895_Michael Caine,Cast-Seg-1,Cast-Seg-2,Cast-Seg-3,Cast-Seg-4,Crew_9062_Cedric Gibbons,Crew_2952_Avy Kaufman,Crew_4350_Edith Head,Crew_102429_Roger Corman,Crew_1259_Ennio Morricone,Crew-Seg-1,Crew-Seg-2,Crew-Seg-3,Crew-Seg-4,Production Country_US_United States of America,Production Country_GB_United Kingdom,Production Country_FR_France,Production Country_DE_Germany,Production Country_IT_Italy,Production Country-Seg-1,Production Country-Seg-2,Production Country-Seg-3 -> revenue (Class)",0.178470254958
67,"budgetSquare,runtimeSquare,year,Cast_121323_Bess Flowers,Cast_113_Christopher Lee,Cast_4165_John Wayne,Cast_2231_Samuel L. Jackson,Cast_3895_Michael Caine,Cast-Seg-1,Cast-Seg-2,Cast-Seg-3,Cast-Seg-4,Genre_18_Drama,Genre_35_Comedy,Genre_53_Thriller,Genre_10749_Romance,Genre_28_Action,Genre-Seg-1,Genre-Seg-2,Production Company_6194_Warner Bros.,Production Company_8411_Metro-Goldwyn-Mayer (MGM),Production Company_4_Paramount Pictures,Production Company_306_Twentieth Century Fox Film Corporation,Production Company_33_Universal Pictures -> revenue (Class)",0.169027384325
68,"budgetSquare,runtimeSquare,year,Cast_121323_Bess Flowers,Cast_113_Christopher Lee,Cast_4165_John Wayne,Cast_2231_Samuel L. Jackson,Cast_3895_Michael Caine,Cast-Seg-1,Cast-Seg-2,Cast-Seg-3,Cast-Seg-4,Genre_18_Drama,Genre_35_Comedy,Genre_53_Thriller,Genre_10749_Romance,Genre_28_Action,Genre-Seg-1,Genre-Seg-2,Jan,Feb,Mar,Apr,May,Jun,Jul,Aug,Sep,Oct,Nov -> revenue (Class)",0.170915958451
69,"budgetSquare,runtimeSquare,year,Cast_121323_Bess Flowers,Cast_113_Christopher Lee,Cast_4165_John Wayne,Cast_2231_Samuel L. Jackson,Cast_3895_Michael Caine,Cast-Seg-1,Cast-Seg-2,Cast-Seg-3,Cast-Seg-4,Genre_18_Drama,Genre_35_Comedy,Genre_53_Thriller,Genre_10749_Romance,Genre_28_Action,Genre-Seg-1,Genre-Seg-2,Production Country_US_United States of America,Production Country_GB_United Kingdom,Production Country_FR_France,Production Country_DE_Germany,Production Country_IT_Italy,Production Country-Seg-1,Production Country-Seg-2,Production Country-Seg-3 -> revenue (Class)",0.184135977337
70,"budgetSquare,runtimeSquare,year,Cast_121323_Bess Flowers,Cast_113_Christopher Lee,Cast_4165_John Wayne,Cast_2231_Samuel L. Jackson,Cast_3895_Michael Caine,Cast-Seg-1,Cast-Seg-2,Cast-Seg-3,Cast-Seg-4,Production Company_6194_Warner Bros.,Production Company_8411_Metro-Goldwyn-Mayer (MGM),Production Company_4_Paramount Pictures,Production Company_306_Twentieth Century Fox Film Corporation,Production Company_33_Universal Pictures,Jan,Feb,Mar,Apr,May,Jun,Jul,Aug,Sep,Oct,Nov -> revenue (Class)",0.159584513692
71,"budgetSquare,runtimeSquare,year,Cast_121323_Bess Flowers,Cast_113_Christopher Lee,Cast_4165_John Wayne,Cast_2231_Samuel L. Jackson,Cast_3895_Michael Caine,Cast-Seg-1,Cast-Seg-2,Cast-Seg-3,Cast-Seg-4,Production Company_6194_Warner Bros.,Production Company_8411_Metro-Goldwyn-Mayer (MGM),Production Company_4_Paramount Pictures,Production Company_306_Twentieth Century Fox Film Corporation,Production Company_33_Universal Pictures,Production Country_US_United States of America,Production Country_GB_United Kingdom,Production Country_FR_France,Production Country_DE_Germany,Production Country_IT_Italy,Production Country-Seg-1,Production Country-Seg-2,Production Country-Seg-3 -> revenue (Class)",0.181303116147
72,"budgetSquare,runtimeSquare,year,Cast_121323_Bess Flowers,Cast_113_Christopher Lee,Cast_4165_John Wayne,Cast_2231_Samuel L. Jackson,Cast_3895_Michael Caine,Cast-Seg-1,Cast-Seg-2,Cast-Seg-3,Cast-Seg-4,Jan,Feb,Mar,Apr,May,Jun,Jul,Aug,Sep,Oct,Nov,Production Country_US_United States of America,Production Country_GB_United Kingdom,Production Country_FR_France,Production Country_DE_Germany,Production Country_IT_Italy,Production Country-Seg-1,Production Country-Seg-2,Production Country-Seg-3 -> revenue (Class)",0.192634560907
73,"budgetSquare,runtimeSquare,year,Crew_9062_Cedric Gibbons,Crew_2952_Avy Kaufman,Crew_4350_Edith Head,Crew_102429_Roger Corman,Crew_1259_Ennio Morricone,Crew-Seg-1,Crew-Seg-2,Crew-Seg-3,Crew-Seg-4,Genre_18_Drama,Genre_35_Comedy,Genre_53_Thriller,Genre_10749_Romance,Genre_28_Action,Genre-Seg-1,Genre-Seg-2,Production Company_6194_Warner Bros.,Production Company_8411_Metro-Goldwyn-Mayer (MGM),Production Company_4_Paramount Pictures,Production Company_306_Twentieth Century Fox Film Corporation,Production Company_33_Universal Pictures -> revenue (Class)",0.159584513692
74,"budgetSquare,runtimeSquare,year,Crew_9062_Cedric Gibbons,Crew_2952_Avy Kaufman,Crew_4350_Edith Head,Crew_102429_Roger Corman,Crew_1259_Ennio Morricone,Crew-Seg-1,Crew-Seg-2,Crew-Seg-3,Crew-Seg-4,Genre_18_Drama,Genre_35_Comedy,Genre_53_Thriller,Genre_10749_Romance,Genre_28_Action,Genre-Seg-1,Genre-Seg-2,Jan,Feb,Mar,Apr,May,Jun,Jul,Aug,Sep,Oct,Nov -> revenue (Class)",0.174693106704
75,"budgetSquare,runtimeSquare,year,Crew_9062_Cedric Gibbons,Crew_2952_Avy Kaufman,Crew_4350_Edith Head,Crew_102429_Roger Corman,Crew_1259_Ennio Morricone,Crew-Seg-1,Crew-Seg-2,Crew-Seg-3,Crew-Seg-4,Genre_18_Drama,Genre_35_Comedy,Genre_53_Thriller,Genre_10749_Romance,Genre_28_Action,Genre-Seg-1,Genre-Seg-2,Production Country_US_United States of America,Production Country_GB_United Kingdom,Production Country_FR_France,Production Country_DE_Germany,Production Country_IT_Italy,Production Country-Seg-1,Production Country-Seg-2,Production Country-Seg-3 -> revenue (Class)",0.165250236072
76,"budgetSquare,runtimeSquare,year,Crew_9062_Cedric Gibbons,Crew_2952_Avy Kaufman,Crew_4350_Edith Head,Crew_102429_Roger Corman,Crew_1259_Ennio Morricone,Crew-Seg-1,Crew-Seg-2,Crew-Seg-3,Crew-Seg-4,Production Company_6194_Warner Bros.,Production Company_8411_Metro-Goldwyn-Mayer (MGM),Production Company_4_Paramount Pictures,Production Company_306_Twentieth Century Fox Film Corporation,Production Company_33_Universal Pictures,Jan,Feb,Mar,Apr,May,Jun,Jul,Aug,Sep,Oct,Nov -> revenue (Class)",0.175637393768
77,"budgetSquare,runtimeSquare,year,Crew_9062_Cedric Gibbons,Crew_2952_Avy Kaufman,Crew_4350_Edith Head,Crew_102429_Roger Corman,Crew_1259_Ennio Morricone,Crew-Seg-1,Crew-Seg-2,Crew-Seg-3,Crew-Seg-4,Production Company_6194_Warner Bros.,Production Company_8411_Metro-Goldwyn-Mayer (MGM),Production Company_4_Paramount Pictures,Production Company_306_Twentieth Century Fox Film Corporation,Production Company_33_Universal Pictures,Production Country_US_United States of America,Production Country_GB_United Kingdom,Production Country_FR_France,Production Country_DE_Germany,Production Country_IT_Italy,Production Country-Seg-1,Production Country-Seg-2,Production Country-Seg-3 -> revenue (Class)",0.165250236072
78,"budgetSquare,runtimeSquare,year,Crew_9062_Cedric Gibbons,Crew_2952_Avy Kaufman,Crew_4350_Edith Head,Crew_102429_Roger Corman,Crew_1259_Ennio Morricone,Crew-Seg-1,Crew-Seg-2,Crew-Seg-3,Crew-Seg-4,Jan,Feb,Mar,Apr,May,Jun,Jul,Aug,Sep,Oct,Nov,Production Country_US_United States of America,Production Country_GB_United Kingdom,Production Country_FR_France,Production Country_DE_Germany,Production Country_IT_Italy,Production Country-Seg-1,Production Country-Seg-2,Production Country-Seg-3 -> revenue (Class)",0.152030217186
79,"budgetSquare,runtimeSquare,year,Genre_18_Drama,Genre_35_Comedy,Genre_53_Thriller,Genre_10749_Romance,Genre_28_Action,Genre-Seg-1,Genre-Seg-2,Production Company_6194_Warner Bros.,Production Company_8411_Metro-Goldwyn-Mayer (MGM),Production Company_4_Paramount Pictures,Production Company_306_Twentieth Century Fox Film Corporation,Production Company_33_Universal Pictures,Jan,Feb,Mar,Apr,May,Jun,Jul,Aug,Sep,Oct,Nov -> revenue (Class)",0.169027384325
80,"budgetSquare,runtimeSquare,year,Genre_18_Drama,Genre_35_Comedy,Genre_53_Thriller,Genre_10749_Romance,Genre_28_Action,Genre-Seg-1,Genre-Seg-2,Production Company_6194_Warner Bros.,Production Company_8411_Metro-Goldwyn-Mayer (MGM),Production Company_4_Paramount Pictures,Production Company_306_Twentieth Century Fox Film Corporation,Production Company_33_Universal Pictures,Production Country_US_United States of America,Production Country_GB_United Kingdom,Production Country_FR_France,Production Country_DE_Germany,Production Country_IT_Italy,Production Country-Seg-1,Production Country-Seg-2,Production Country-Seg-3 -> revenue (Class)",0.167138810198
81,"budgetSquare,runtimeSquare,year,Genre_18_Drama,Genre_35_Comedy,Genre_53_Thriller,Genre_10749_Romance,Genre_28_Action,Genre-Seg-1,Genre-Seg-2,Jan,Feb,Mar,Apr,May,Jun,Jul,Aug,Sep,Oct,Nov,Production Country_US_United States of America,Production Country_GB_United Kingdom,Production Country_FR_France,Production Country_DE_Germany,Production Country_IT_Italy,Production Country-Seg-1,Production Country-Seg-2,Production Country-Seg-3 -> revenue (Class)",0.165250236072
82,"budgetSquare,runtimeSquare,year,Production Company_6194_Warner Bros.,Production Company_8411_Metro-Goldwyn-Mayer (MGM),Production Company_4_Paramount Pictures,Production Company_306_Twentieth Century Fox Film Corporation,Production Company_33_Universal Pictures,Jan,Feb,Mar,Apr,May,Jun,Jul,Aug,Sep,Oct,Nov,Production Country_US_United States of America,Production Country_GB_United Kingdom,Production Country_FR_France,Production Country_DE_Germany,Production Country_IT_Italy,Production Country-Seg-1,Production Country-Seg-2,Production Country-Seg-3 -> revenue (Class)",0.19074598678
83,"budgetSquare,runtimeSquare,Cast_121323_Bess Flowers,Cast_113_Christopher Lee,Cast_4165_John Wayne,Cast_2231_Samuel L. Jackson,Cast_3895_Michael Caine,Cast-Seg-1,Cast-Seg-2,Cast-Seg-3,Cast-Seg-4,Crew_9062_Cedric Gibbons,Crew_2952_Avy Kaufman,Crew_4350_Edith Head,Crew_102429_Roger Corman,Crew_1259_Ennio Morricone,Crew-Seg-1,Crew-Seg-2,Crew-Seg-3,Crew-Seg-4,Genre_18_Drama,Genre_35_Comedy,Genre_53_Thriller,Genre_10749_Romance,Genre_28_Action,Genre-Seg-1,Genre-Seg-2,Production Company_6194_Warner Bros.,Production Company_8411_Metro-Goldwyn-Mayer (MGM),Production Company_4_Paramount Pictures,Production Company_306_Twentieth Century Fox Film Corporation,Production Company_33_Universal Pictures -> revenue (Class)",0.168083097262
84,"budgetSquare,runtimeSquare,Cast_121323_Bess Flowers,Cast_113_Christopher Lee,Cast_4165_John Wayne,Cast_2231_Samuel L. Jackson,Cast_3895_Michael Caine,Cast-Seg-1,Cast-Seg-2,Cast-Seg-3,Cast-Seg-4,Crew_9062_Cedric Gibbons,Crew_2952_Avy Kaufman,Crew_4350_Edith Head,Crew_102429_Roger Corman,Crew_1259_Ennio Morricone,Crew-Seg-1,Crew-Seg-2,Crew-Seg-3,Crew-Seg-4,Genre_18_Drama,Genre_35_Comedy,Genre_53_Thriller,Genre_10749_Romance,Genre_28_Action,Genre-Seg-1,Genre-Seg-2,Jan,Feb,Mar,Apr,May,Jun,Jul,Aug,Sep,Oct,Nov -> revenue (Class)",0.184135977337
85,"budgetSquare,runtimeSquare,Cast_121323_Bess Flowers,Cast_113_Christopher Lee,Cast_4165_John Wayne,Cast_2231_Samuel L. Jackson,Cast_3895_Michael Caine,Cast-Seg-1,Cast-Seg-2,Cast-Seg-3,Cast-Seg-4,Crew_9062_Cedric Gibbons,Crew_2952_Avy Kaufman,Crew_4350_Edith Head,Crew_102429_Roger Corman,Crew_1259_Ennio Morricone,Crew-Seg-1,Crew-Seg-2,Crew-Seg-3,Crew-Seg-4,Genre_18_Drama,Genre_35_Comedy,Genre_53_Thriller,Genre_10749_Romance,Genre_28_Action,Genre-Seg-1,Genre-Seg-2,Production Country_US_United States of America,Production Country_GB_United Kingdom,Production Country_FR_France,Production Country_DE_Germany,Production Country_IT_Italy,Production Country-Seg-1,Production Country-Seg-2,Production Country-Seg-3 -> revenue (Class)",0.181303116147
86,"budgetSquare,runtimeSquare,Cast_121323_Bess Flowers,Cast_113_Christopher Lee,Cast_4165_John Wayne,Cast_2231_Samuel L. Jackson,Cast_3895_Michael Caine,Cast-Seg-1,Cast-Seg-2,Cast-Seg-3,Cast-Seg-4,Crew_9062_Cedric Gibbons,Crew_2952_Avy Kaufman,Crew_4350_Edith Head,Crew_102429_Roger Corman,Crew_1259_Ennio Morricone,Crew-Seg-1,Crew-Seg-2,Crew-Seg-3,Crew-Seg-4,Production Company_6194_Warner Bros.,Production Company_8411_Metro-Goldwyn-Mayer (MGM),Production Company_4_Paramount Pictures,Production Company_306_Twentieth Century Fox Film Corporation,Production Company_33_Universal Pictures,Jan,Feb,Mar,Apr,May,Jun,Jul,Aug,Sep,Oct,Nov -> revenue (Class)",0.174693106704
87,"budgetSquare,runtimeSquare,Cast_121323_Bess Flowers,Cast_113_Christopher Lee,Cast_4165_John Wayne,Cast_2231_Samuel L. Jackson,Cast_3895_Michael Caine,Cast-Seg-1,Cast-Seg-2,Cast-Seg-3,Cast-Seg-4,Crew_9062_Cedric Gibbons,Crew_2952_Avy Kaufman,Crew_4350_Edith Head,Crew_102429_Roger Corman,Crew_1259_Ennio Morricone,Crew-Seg-1,Crew-Seg-2,Crew-Seg-3,Crew-Seg-4,Production Company_6194_Warner Bros.,Production Company_8411_Metro-Goldwyn-Mayer (MGM),Production Company_4_Paramount Pictures,Production Company_306_Twentieth Century Fox Film Corporation,Production Company_33_Universal Pictures,Production Country_US_United States of America,Production Country_GB_United Kingdom,Production Country_FR_France,Production Country_DE_Germany,Production Country_IT_Italy,Production Country-Seg-1,Production Country-Seg-2,Production Country-Seg-3 -> revenue (Class)",0.163361661945
88,"budgetSquare,runtimeSquare,Cast_121323_Bess Flowers,Cast_113_Christopher Lee,Cast_4165_John Wayne,Cast_2231_Samuel L. Jackson,Cast_3895_Michael Caine,Cast-Seg-1,Cast-Seg-2,Cast-Seg-3,Cast-Seg-4,Crew_9062_Cedric Gibbons,Crew_2952_Avy Kaufman,Crew_4350_Edith Head,Crew_102429_Roger Corman,Crew_1259_Ennio Morricone,Crew-Seg-1,Crew-Seg-2,Crew-Seg-3,Crew-Seg-4,Jan,Feb,Mar,Apr,May,Jun,Jul,Aug,Sep,Oct,Nov,Production Country_US_United States of America,Production Country_GB_United Kingdom,Production Country_FR_France,Production Country_DE_Germany,Production Country_IT_Italy,Production Country-Seg-1,Production Country-Seg-2,Production Country-Seg-3 -> revenue (Class)",0.168083097262
89,"budgetSquare,runtimeSquare,Cast_121323_Bess Flowers,Cast_113_Christopher Lee,Cast_4165_John Wayne,Cast_2231_Samuel L. Jackson,Cast_3895_Michael Caine,Cast-Seg-1,Cast-Seg-2,Cast-Seg-3,Cast-Seg-4,Genre_18_Drama,Genre_35_Comedy,Genre_53_Thriller,Genre_10749_Romance,Genre_28_Action,Genre-Seg-1,Genre-Seg-2,Production Company_6194_Warner Bros.,Production Company_8411_Metro-Goldwyn-Mayer (MGM),Production Company_4_Paramount Pictures,Production Company_306_Twentieth Century Fox Film Corporation,Production Company_33_Universal Pictures,Jan,Feb,Mar,Apr,May,Jun,Jul,Aug,Sep,Oct,Nov -> revenue (Class)",0.172804532578
90,"budgetSquare,runtimeSquare,Cast_121323_Bess Flowers,Cast_113_Christopher Lee,Cast_4165_John Wayne,Cast_2231_Samuel L. Jackson,Cast_3895_Michael Caine,Cast-Seg-1,Cast-Seg-2,Cast-Seg-3,Cast-Seg-4,Genre_18_Drama,Genre_35_Comedy,Genre_53_Thriller,Genre_10749_Romance,Genre_28_Action,Genre-Seg-1,Genre-Seg-2,Production Company_6194_Warner Bros.,Production Company_8411_Metro-Goldwyn-Mayer (MGM),Production Company_4_Paramount Pictures,Production Company_306_Twentieth Century Fox Film Corporation,Production Company_33_Universal Pictures,Production Country_US_United States of America,Production Country_GB_United Kingdom,Production Country_FR_France,Production Country_DE_Germany,Production Country_IT_Italy,Production Country-Seg-1,Production Country-Seg-2,Production Country-Seg-3 -> revenue (Class)",0.179414542021
91,"budgetSquare,runtimeSquare,Cast_121323_Bess Flowers,Cast_113_Christopher Lee,Cast_4165_John Wayne,Cast_2231_Samuel L. Jackson,Cast_3895_Michael Caine,Cast-Seg-1,Cast-Seg-2,Cast-Seg-3,Cast-Seg-4,Genre_18_Drama,Genre_35_Comedy,Genre_53_Thriller,Genre_10749_Romance,Genre_28_Action,Genre-Seg-1,Genre-Seg-2,Jan,Feb,Mar,Apr,May,Jun,Jul,Aug,Sep,Oct,Nov,Production Country_US_United States of America,Production Country_GB_United Kingdom,Production Country_FR_France,Production Country_DE_Germany,Production Country_IT_Italy,Production Country-Seg-1,Production Country-Seg-2,Production Country-Seg-3 -> revenue (Class)",0.176581680831
92,"budgetSquare,runtimeSquare,Cast_121323_Bess Flowers,Cast_113_Christopher Lee,Cast_4165_John Wayne,Cast_2231_Samuel L. Jackson,Cast_3895_Michael Caine,Cast-Seg-1,Cast-Seg-2,Cast-Seg-3,Cast-Seg-4,Production Company_6194_Warner Bros.,Production Company_8411_Metro-Goldwyn-Mayer (MGM),Production Company_4_Paramount Pictures,Production Company_306_Twentieth Century Fox Film Corporation,Production Company_33_Universal Pictures,Jan,Feb,Mar,Apr,May,Jun,Jul,Aug,Sep,Oct,Nov,Production Country_US_United States of America,Production Country_GB_United Kingdom,Production Country_FR_France,Production Country_DE_Germany,Production Country_IT_Italy,Production Country-Seg-1,Production Country-Seg-2,Production Country-Seg-3 -> revenue (Class)",0.177525967894
93,"budgetSquare,runtimeSquare,Crew_9062_Cedric Gibbons,Crew_2952_Avy Kaufman,Crew_4350_Edith Head,Crew_102429_Roger Corman,Crew_1259_Ennio Morricone,Crew-Seg-1,Crew-Seg-2,Crew-Seg-3,Crew-Seg-4,Genre_18_Drama,Genre_35_Comedy,Genre_53_Thriller,Genre_10749_Romance,Genre_28_Action,Genre-Seg-1,Genre-Seg-2,Production Company_6194_Warner Bros.,Production Company_8411_Metro-Goldwyn-Mayer (MGM),Production Company_4_Paramount Pictures,Production Company_306_Twentieth Century Fox Film Corporation,Production Company_33_Universal Pictures,Jan,Feb,Mar,Apr,May,Jun,Jul,Aug,Sep,Oct,Nov -> revenue (Class)",0.18791312559
94,"budgetSquare,runtimeSquare,Crew_9062_Cedric Gibbons,Crew_2952_Avy Kaufman,Crew_4350_Edith Head,Crew_102429_Roger Corman,Crew_1259_Ennio Morricone,Crew-Seg-1,Crew-Seg-2,Crew-Seg-3,Crew-Seg-4,Genre_18_Drama,Genre_35_Comedy,Genre_53_Thriller,Genre_10749_Romance,Genre_28_Action,Genre-Seg-1,Genre-Seg-2,Production Company_6194_Warner Bros.,Production Company_8411_Metro-Goldwyn-Mayer (MGM),Production Company_4_Paramount Pictures,Production Company_306_Twentieth Century Fox Film Corporation,Production Company_33_Universal Pictures,Production Country_US_United States of America,Production Country_GB_United Kingdom,Production Country_FR_France,Production Country_DE_Germany,Production Country_IT_Italy,Production Country-Seg-1,Production Country-Seg-2,Production Country-Seg-3 -> revenue (Class)",0.171860245515
95,"budgetSquare,runtimeSquare,Crew_9062_Cedric Gibbons,Crew_2952_Avy Kaufman,Crew_4350_Edith Head,Crew_102429_Roger Corman,Crew_1259_Ennio Morricone,Crew-Seg-1,Crew-Seg-2,Crew-Seg-3,Crew-Seg-4,Genre_18_Drama,Genre_35_Comedy,Genre_53_Thriller,Genre_10749_Romance,Genre_28_Action,Genre-Seg-1,Genre-Seg-2,Jan,Feb,Mar,Apr,May,Jun,Jul,Aug,Sep,Oct,Nov,Production Country_US_United States of America,Production Country_GB_United Kingdom,Production Country_FR_France,Production Country_DE_Germany,Production Country_IT_Italy,Production Country-Seg-1,Production Country-Seg-2,Production Country-Seg-3 -> revenue (Class)",0.176581680831
96,"budgetSquare,runtimeSquare,Crew_9062_Cedric Gibbons,Crew_2952_Avy Kaufman,Crew_4350_Edith Head,Crew_102429_Roger Corman,Crew_1259_Ennio Morricone,Crew-Seg-1,Crew-Seg-2,Crew-Seg-3,Crew-Seg-4,Production Company_6194_Warner Bros.,Production Company_8411_Metro-Goldwyn-Mayer (MGM),Production Company_4_Paramount Pictures,Production Company_306_Twentieth Century Fox Film Corporation,Production Company_33_Universal Pictures,Jan,Feb,Mar,Apr,May,Jun,Jul,Aug,Sep,Oct,Nov,Production Country_US_United States of America,Production Country_GB_United Kingdom,Production Country_FR_France,Production Country_DE_Germany,Production Country_IT_Italy,Production Country-Seg-1,Production Country-Seg-2,Production Country-Seg-3 -> revenue (Class)",0.145420207743
97,"budgetSquare,runtimeSquare,Genre_18_Drama,Genre_35_Comedy,Genre_53_Thriller,Genre_10749_Romance,Genre_28_Action,Genre-Seg-1,Genre-Seg-2,Production Company_6194_Warner Bros.,Production Company_8411_Metro-Goldwyn-Mayer (MGM),Production Company_4_Paramount Pictures,Production Company_306_Twentieth Century Fox Film Corporation,Production Company_33_Universal Pictures,Jan,Feb,Mar,Apr,May,Jun,Jul,Aug,Sep,Oct,Nov,Production Country_US_United States of America,Production Country_GB_United Kingdom,Production Country_FR_France,Production Country_DE_Germany,Production Country_IT_Italy,Production Country-Seg-1,Production Country-Seg-2,Production Country-Seg-3 -> revenue (Class)",0.166194523135
98,"budgetSquare,runtimeSquare,year,Cast_121323_Bess Flowers,Cast_113_Christopher Lee,Cast_4165_John Wayne,Cast_2231_Samuel L. Jackson,Cast_3895_Michael Caine,Cast-Seg-1,Cast-Seg-2,Cast-Seg-3,Cast-Seg-4,Crew_9062_Cedric Gibbons,Crew_2952_Avy Kaufman,Crew_4350_Edith Head,Crew_102429_Roger Corman,Crew_1259_Ennio Morricone,Crew-Seg-1,Crew-Seg-2,Crew-Seg-3,Crew-Seg-4,Genre_18_Drama,Genre_35_Comedy,Genre_53_Thriller,Genre_10749_Romance,Genre_28_Action,Genre-Seg-1,Genre-Seg-2,Production Company_6194_Warner Bros.,Production Company_8411_Metro-Goldwyn-Mayer (MGM),Production Company_4_Paramount Pictures,Production Company_306_Twentieth Century Fox Film Corporation,Production Company_33_Universal Pictures -> revenue (Class)",0.169971671388
99,"budgetSquare,runtimeSquare,year,Cast_121323_Bess Flowers,Cast_113_Christopher Lee,Cast_4165_John Wayne,Cast_2231_Samuel L. Jackson,Cast_3895_Michael Caine,Cast-Seg-1,Cast-Seg-2,Cast-Seg-3,Cast-Seg-4,Crew_9062_Cedric Gibbons,Crew_2952_Avy Kaufman,Crew_4350_Edith Head,Crew_102429_Roger Corman,Crew_1259_Ennio Morricone,Crew-Seg-1,Crew-Seg-2,Crew-Seg-3,Crew-Seg-4,Genre_18_Drama,Genre_35_Comedy,Genre_53_Thriller,Genre_10749_Romance,Genre_28_Action,Genre-Seg-1,Genre-Seg-2,Jan,Feb,Mar,Apr,May,Jun,Jul,Aug,Sep,Oct,Nov -> revenue (Class)",0.19074598678
100,"budgetSquare,runtimeSquare,year,Cast_121323_Bess Flowers,Cast_113_Christopher Lee,Cast_4165_John Wayne,Cast_2231_Samuel L. Jackson,Cast_3895_Michael Caine,Cast-Seg-1,Cast-Seg-2,Cast-Seg-3,Cast-Seg-4,Crew_9062_Cedric Gibbons,Crew_2952_Avy Kaufman,Crew_4350_Edith Head,Crew_102429_Roger Corman,Crew_1259_Ennio Morricone,Crew-Seg-1,Crew-Seg-2,Crew-Seg-3,Crew-Seg-4,Genre_18_Drama,Genre_35_Comedy,Genre_53_Thriller,Genre_10749_Romance,Genre_28_Action,Genre-Seg-1,Genre-Seg-2,Production Country_US_United States of America,Production Country_GB_United Kingdom,Production Country_FR_France,Production Country_DE_Germany,Production Country_IT_Italy,Production Country-Seg-1,Production Country-Seg-2,Production Country-Seg-3 -> revenue (Class)",0.175637393768
101,"budgetSquare,runtimeSquare,year,Cast_121323_Bess Flowers,Cast_113_Christopher Lee,Cast_4165_John Wayne,Cast_2231_Samuel L. Jackson,Cast_3895_Michael Caine,Cast-Seg-1,Cast-Seg-2,Cast-Seg-3,Cast-Seg-4,Crew_9062_Cedric Gibbons,Crew_2952_Avy Kaufman,Crew_4350_Edith Head,Crew_102429_Roger Corman,Crew_1259_Ennio Morricone,Crew-Seg-1,Crew-Seg-2,Crew-Seg-3,Crew-Seg-4,Production Company_6194_Warner Bros.,Production Company_8411_Metro-Goldwyn-Mayer (MGM),Production Company_4_Paramount Pictures,Production Company_306_Twentieth Century Fox Film Corporation,Production Company_33_Universal Pictures,Jan,Feb,Mar,Apr,May,Jun,Jul,Aug,Sep,Oct,Nov -> revenue (Class)",0.165250236072
102,"budgetSquare,runtimeSquare,year,Cast_121323_Bess Flowers,Cast_113_Christopher Lee,Cast_4165_John Wayne,Cast_2231_Samuel L. Jackson,Cast_3895_Michael Caine,Cast-Seg-1,Cast-Seg-2,Cast-Seg-3,Cast-Seg-4,Crew_9062_Cedric Gibbons,Crew_2952_Avy Kaufman,Crew_4350_Edith Head,Crew_102429_Roger Corman,Crew_1259_Ennio Morricone,Crew-Seg-1,Crew-Seg-2,Crew-Seg-3,Crew-Seg-4,Production Company_6194_Warner Bros.,Production Company_8411_Metro-Goldwyn-Mayer (MGM),Production Company_4_Paramount Pictures,Production Company_306_Twentieth Century Fox Film Corporation,Production Company_33_Universal Pictures,Production Country_US_United States of America,Production Country_GB_United Kingdom,Production Country_FR_France,Production Country_DE_Germany,Production Country_IT_Italy,Production Country-Seg-1,Production Country-Seg-2,Production Country-Seg-3 -> revenue (Class)",0.160528800755
103,"budgetSquare,runtimeSquare,year,Cast_121323_Bess Flowers,Cast_113_Christopher Lee,Cast_4165_John Wayne,Cast_2231_Samuel L. Jackson,Cast_3895_Michael Caine,Cast-Seg-1,Cast-Seg-2,Cast-Seg-3,Cast-Seg-4,Crew_9062_Cedric Gibbons,Crew_2952_Avy Kaufman,Crew_4350_Edith Head,Crew_102429_Roger Corman,Crew_1259_Ennio Morricone,Crew-Seg-1,Crew-Seg-2,Crew-Seg-3,Crew-Seg-4,Jan,Feb,Mar,Apr,May,Jun,Jul,Aug,Sep,Oct,Nov,Production Country_US_United States of America,Production Country_GB_United Kingdom,Production Country_FR_France,Production Country_DE_Germany,Production Country_IT_Italy,Production Country-Seg-1,Production Country-Seg-2,Production Country-Seg-3 -> revenue (Class)",0.167138810198
104,"budgetSquare,runtimeSquare,year,Cast_121323_Bess Flowers,Cast_113_Christopher Lee,Cast_4165_John Wayne,Cast_2231_Samuel L. Jackson,Cast_3895_Michael Caine,Cast-Seg-1,Cast-Seg-2,Cast-Seg-3,Cast-Seg-4,Genre_18_Drama,Genre_35_Comedy,Genre_53_Thriller,Genre_10749_Romance,Genre_28_Action,Genre-Seg-1,Genre-Seg-2,Production Company_6194_Warner Bros.,Production Company_8411_Metro-Goldwyn-Mayer (MGM),Production Company_4_Paramount Pictures,Production Company_306_Twentieth Century Fox Film Corporation,Production Company_33_Universal Pictures,Jan,Feb,Mar,Apr,May,Jun,Jul,Aug,Sep,Oct,Nov -> revenue (Class)",0.169027384325
105,"budgetSquare,runtimeSquare,year,Cast_121323_Bess Flowers,Cast_113_Christopher Lee,Cast_4165_John Wayne,Cast_2231_Samuel L. Jackson,Cast_3895_Michael Caine,Cast-Seg-1,Cast-Seg-2,Cast-Seg-3,Cast-Seg-4,Genre_18_Drama,Genre_35_Comedy,Genre_53_Thriller,Genre_10749_Romance,Genre_28_Action,Genre-Seg-1,Genre-Seg-2,Production Company_6194_Warner Bros.,Production Company_8411_Metro-Goldwyn-Mayer (MGM),Production Company_4_Paramount Pictures,Production Company_306_Twentieth Century Fox Film Corporation,Production Company_33_Universal Pictures,Production Country_US_United States of America,Production Country_GB_United Kingdom,Production Country_FR_France,Production Country_DE_Germany,Production Country_IT_Italy,Production Country-Seg-1,Production Country-Seg-2,Production Country-Seg-3 -> revenue (Class)",0.160528800755
106,"budgetSquare,runtimeSquare,year,Cast_121323_Bess Flowers,Cast_113_Christopher Lee,Cast_4165_John Wayne,Cast_2231_Samuel L. Jackson,Cast_3895_Michael Caine,Cast-Seg-1,Cast-Seg-2,Cast-Seg-3,Cast-Seg-4,Genre_18_Drama,Genre_35_Comedy,Genre_53_Thriller,Genre_10749_Romance,Genre_28_Action,Genre-Seg-1,Genre-Seg-2,Jan,Feb,Mar,Apr,May,Jun,Jul,Aug,Sep,Oct,Nov,Production Country_US_United States of America,Production Country_GB_United Kingdom,Production Country_FR_France,Production Country_DE_Germany,Production Country_IT_Italy,Production Country-Seg-1,Production Country-Seg-2,Production Country-Seg-3 -> revenue (Class)",0.176581680831
107,"budgetSquare,runtimeSquare,year,Cast_121323_Bess Flowers,Cast_113_Christopher Lee,Cast_4165_John Wayne,Cast_2231_Samuel L. Jackson,Cast_3895_Michael Caine,Cast-Seg-1,Cast-Seg-2,Cast-Seg-3,Cast-Seg-4,Production Company_6194_Warner Bros.,Production Company_8411_Metro-Goldwyn-Mayer (MGM),Production Company_4_Paramount Pictures,Production Company_306_Twentieth Century Fox Film Corporation,Production Company_33_Universal Pictures,Jan,Feb,Mar,Apr,May,Jun,Jul,Aug,Sep,Oct,Nov,Production Country_US_United States of America,Production Country_GB_United Kingdom,Production Country_FR_France,Production Country_DE_Germany,Production Country_IT_Italy,Production Country-Seg-1,Production Country-Seg-2,Production Country-Seg-3 -> revenue (Class)",0.18791312559
108,"budgetSquare,runtimeSquare,year,Crew_9062_Cedric Gibbons,Crew_2952_Avy Kaufman,Crew_4350_Edith Head,Crew_102429_Roger Corman,Crew_1259_Ennio Morricone,Crew-Seg-1,Crew-Seg-2,Crew-Seg-3,Crew-Seg-4,Genre_18_Drama,Genre_35_Comedy,Genre_53_Thriller,Genre_10749_Romance,Genre_28_Action,Genre-Seg-1,Genre-Seg-2,Production Company_6194_Warner Bros.,Production Company_8411_Metro-Goldwyn-Mayer (MGM),Production Company_4_Paramount Pictures,Production Company_306_Twentieth Century Fox Film Corporation,Production Company_33_Universal Pictures,Jan,Feb,Mar,Apr,May,Jun,Jul,Aug,Sep,Oct,Nov -> revenue (Class)",0.157695939566
109,"budgetSquare,runtimeSquare,year,Crew_9062_Cedric Gibbons,Crew_2952_Avy Kaufman,Crew_4350_Edith Head,Crew_102429_Roger Corman,Crew_1259_Ennio Morricone,Crew-Seg-1,Crew-Seg-2,Crew-Seg-3,Crew-Seg-4,Genre_18_Drama,Genre_35_Comedy,Genre_53_Thriller,Genre_10749_Romance,Genre_28_Action,Genre-Seg-1,Genre-Seg-2,Production Company_6194_Warner Bros.,Production Company_8411_Metro-Goldwyn-Mayer (MGM),Production Company_4_Paramount Pictures,Production Company_306_Twentieth Century Fox Film Corporation,Production Company_33_Universal Pictures,Production Country_US_United States of America,Production Country_GB_United Kingdom,Production Country_FR_France,Production Country_DE_Germany,Production Country_IT_Italy,Production Country-Seg-1,Production Country-Seg-2,Production Country-Seg-3 -> revenue (Class)",0.170915958451
110,"budgetSquare,runtimeSquare,year,Crew_9062_Cedric Gibbons,Crew_2952_Avy Kaufman,Crew_4350_Edith Head,Crew_102429_Roger Corman,Crew_1259_Ennio Morricone,Crew-Seg-1,Crew-Seg-2,Crew-Seg-3,Crew-Seg-4,Genre_18_Drama,Genre_35_Comedy,Genre_53_Thriller,Genre_10749_Romance,Genre_28_Action,Genre-Seg-1,Genre-Seg-2,Jan,Feb,Mar,Apr,May,Jun,Jul,Aug,Sep,Oct,Nov,Production Country_US_United States of America,Production Country_GB_United Kingdom,Production Country_FR_France,Production Country_DE_Germany,Production Country_IT_Italy,Production Country-Seg-1,Production Country-Seg-2,Production Country-Seg-3 -> revenue (Class)",0.169971671388
111,"budgetSquare,runtimeSquare,year,Crew_9062_Cedric Gibbons,Crew_2952_Avy Kaufman,Crew_4350_Edith Head,Crew_102429_Roger Corman,Crew_1259_Ennio Morricone,Crew-Seg-1,Crew-Seg-2,Crew-Seg-3,Crew-Seg-4,Production Company_6194_Warner Bros.,Production Company_8411_Metro-Goldwyn-Mayer (MGM),Production Company_4_Paramount Pictures,Production Company_306_Twentieth Century Fox Film Corporation,Production Company_33_Universal Pictures,Jan,Feb,Mar,Apr,May,Jun,Jul,Aug,Sep,Oct,Nov,Production Country_US_United States of America,Production Country_GB_United Kingdom,Production Country_FR_France,Production Country_DE_Germany,Production Country_IT_Italy,Production Country-Seg-1,Production Country-Seg-2,Production Country-Seg-3 -> revenue (Class)",0.184135977337
112,"budgetSquare,runtimeSquare,year,Genre_18_Drama,Genre_35_Comedy,Genre_53_Thriller,Genre_10749_Romance,Genre_28_Action,Genre-Seg-1,Genre-Seg-2,Production Company_6194_Warner Bros.,Production Company_8411_Metro-Goldwyn-Mayer (MGM),Production Company_4_Paramount Pictures,Production Company_306_Twentieth Century Fox Film Corporation,Production Company_33_Universal Pictures,Jan,Feb,Mar,Apr,May,Jun,Jul,Aug,Sep,Oct,Nov,Production Country_US_United States of America,Production Country_GB_United Kingdom,Production Country_FR_France,Production Country_DE_Germany,Production Country_IT_Italy,Production Country-Seg-1,Production Country-Seg-2,Production Country-Seg-3 -> revenue (Class)",0.164305949008
113,"budgetSquare,runtimeSquare,Cast_121323_Bess Flowers,Cast_113_Christopher Lee,Cast_4165_John Wayne,Cast_2231_Samuel L. Jackson,Cast_3895_Michael Caine,Cast-Seg-1,Cast-Seg-2,Cast-Seg-3,Cast-Seg-4,Crew_9062_Cedric Gibbons,Crew_2952_Avy Kaufman,Crew_4350_Edith Head,Crew_102429_Roger Corman,Crew_1259_Ennio Morricone,Crew-Seg-1,Crew-Seg-2,Crew-Seg-3,Crew-Seg-4,Genre_18_Drama,Genre_35_Comedy,Genre_53_Thriller,Genre_10749_Romance,Genre_28_Action,Genre-Seg-1,Genre-Seg-2,Production Company_6194_Warner Bros.,Production Company_8411_Metro-Goldwyn-Mayer (MGM),Production Company_4_Paramount Pictures,Production Company_306_Twentieth Century Fox Film Corporation,Production Company_33_Universal Pictures,Jan,Feb,Mar,Apr,May,Jun,Jul,Aug,Sep,Oct,Nov -> revenue (Class)",0.153918791313
114,"budgetSquare,runtimeSquare,Cast_121323_Bess Flowers,Cast_113_Christopher Lee,Cast_4165_John Wayne,Cast_2231_Samuel L. Jackson,Cast_3895_Michael Caine,Cast-Seg-1,Cast-Seg-2,Cast-Seg-3,Cast-Seg-4,Crew_9062_Cedric Gibbons,Crew_2952_Avy Kaufman,Crew_4350_Edith Head,Crew_102429_Roger Corman,Crew_1259_Ennio Morricone,Crew-Seg-1,Crew-Seg-2,Crew-Seg-3,Crew-Seg-4,Genre_18_Drama,Genre_35_Comedy,Genre_53_Thriller,Genre_10749_Romance,Genre_28_Action,Genre-Seg-1,Genre-Seg-2,Production Company_6194_Warner Bros.,Production Company_8411_Metro-Goldwyn-Mayer (MGM),Production Company_4_Paramount Pictures,Production Company_306_Twentieth Century Fox Film Corporation,Production Company_33_Universal Pictures,Production Country_US_United States of America,Production Country_GB_United Kingdom,Production Country_FR_France,Production Country_DE_Germany,Production Country_IT_Italy,Production Country-Seg-1,Production Country-Seg-2,Production Country-Seg-3 -> revenue (Class)",0.173748819641
115,"budgetSquare,runtimeSquare,Cast_121323_Bess Flowers,Cast_113_Christopher Lee,Cast_4165_John Wayne,Cast_2231_Samuel L. Jackson,Cast_3895_Michael Caine,Cast-Seg-1,Cast-Seg-2,Cast-Seg-3,Cast-Seg-4,Crew_9062_Cedric Gibbons,Crew_2952_Avy Kaufman,Crew_4350_Edith Head,Crew_102429_Roger Corman,Crew_1259_Ennio Morricone,Crew-Seg-1,Crew-Seg-2,Crew-Seg-3,Crew-Seg-4,Genre_18_Drama,Genre_35_Comedy,Genre_53_Thriller,Genre_10749_Romance,Genre_28_Action,Genre-Seg-1,Genre-Seg-2,Jan,Feb,Mar,Apr,May,Jun,Jul,Aug,Sep,Oct,Nov,Production Country_US_United States of America,Production Country_GB_United Kingdom,Production Country_FR_France,Production Country_DE_Germany,Production Country_IT_Italy,Production Country-Seg-1,Production Country-Seg-2,Production Country-Seg-3 -> revenue (Class)",0.157695939566
116,"budgetSquare,runtimeSquare,Cast_121323_Bess Flowers,Cast_113_Christopher Lee,Cast_4165_John Wayne,Cast_2231_Samuel L. Jackson,Cast_3895_Michael Caine,Cast-Seg-1,Cast-Seg-2,Cast-Seg-3,Cast-Seg-4,Crew_9062_Cedric Gibbons,Crew_2952_Avy Kaufman,Crew_4350_Edith Head,Crew_102429_Roger Corman,Crew_1259_Ennio Morricone,Crew-Seg-1,Crew-Seg-2,Crew-Seg-3,Crew-Seg-4,Production Company_6194_Warner Bros.,Production Company_8411_Metro-Goldwyn-Mayer (MGM),Production Company_4_Paramount Pictures,Production Company_306_Twentieth Century Fox Film Corporation,Production Company_33_Universal Pictures,Jan,Feb,Mar,Apr,May,Jun,Jul,Aug,Sep,Oct,Nov,Production Country_US_United States of America,Production Country_GB_United Kingdom,Production Country_FR_France,Production Country_DE_Germany,Production Country_IT_Italy,Production Country-Seg-1,Production Country-Seg-2,Production Country-Seg-3 -> revenue (Class)",0.154863078376
117,"budgetSquare,runtimeSquare,Cast_121323_Bess Flowers,Cast_113_Christopher Lee,Cast_4165_John Wayne,Cast_2231_Samuel L. Jackson,Cast_3895_Michael Caine,Cast-Seg-1,Cast-Seg-2,Cast-Seg-3,Cast-Seg-4,Genre_18_Drama,Genre_35_Comedy,Genre_53_Thriller,Genre_10749_Romance,Genre_28_Action,Genre-Seg-1,Genre-Seg-2,Production Company_6194_Warner Bros.,Production Company_8411_Metro-Goldwyn-Mayer (MGM),Production Company_4_Paramount Pictures,Production Company_306_Twentieth Century Fox Film Corporation,Production Company_33_Universal Pictures,Jan,Feb,Mar,Apr,May,Jun,Jul,Aug,Sep,Oct,Nov,Production Country_US_United States of America,Production Country_GB_United Kingdom,Production Country_FR_France,Production Country_DE_Germany,Production Country_IT_Italy,Production Country-Seg-1,Production Country-Seg-2,Production Country-Seg-3 -> revenue (Class)",0.169027384325
118,"budgetSquare,runtimeSquare,Crew_9062_Cedric Gibbons,Crew_2952_Avy Kaufman,Crew_4350_Edith Head,Crew_102429_Roger Corman,Crew_1259_Ennio Morricone,Crew-Seg-1,Crew-Seg-2,Crew-Seg-3,Crew-Seg-4,Genre_18_Drama,Genre_35_Comedy,Genre_53_Thriller,Genre_10749_Romance,Genre_28_Action,Genre-Seg-1,Genre-Seg-2,Production Company_6194_Warner Bros.,Production Company_8411_Metro-Goldwyn-Mayer (MGM),Production Company_4_Paramount Pictures,Production Company_306_Twentieth Century Fox Film Corporation,Production Company_33_Universal Pictures,Jan,Feb,Mar,Apr,May,Jun,Jul,Aug,Sep,Oct,Nov,Production Country_US_United States of America,Production Country_GB_United Kingdom,Production Country_FR_France,Production Country_DE_Germany,Production Country_IT_Italy,Production Country-Seg-1,Production Country-Seg-2,Production Country-Seg-3 -> revenue (Class)",0.176581680831
119,"budgetSquare,runtimeSquare,year,Cast_121323_Bess Flowers,Cast_113_Christopher Lee,Cast_4165_John Wayne,Cast_2231_Samuel L. Jackson,Cast_3895_Michael Caine,Cast-Seg-1,Cast-Seg-2,Cast-Seg-3,Cast-Seg-4,Crew_9062_Cedric Gibbons,Crew_2952_Avy Kaufman,Crew_4350_Edith Head,Crew_102429_Roger Corman,Crew_1259_Ennio Morricone,Crew-Seg-1,Crew-Seg-2,Crew-Seg-3,Crew-Seg-4,Genre_18_Drama,Genre_35_Comedy,Genre_53_Thriller,Genre_10749_Romance,Genre_28_Action,Genre-Seg-1,Genre-Seg-2,Production Company_6194_Warner Bros.,Production Company_8411_Metro-Goldwyn-Mayer (MGM),Production Company_4_Paramount Pictures,Production Company_306_Twentieth Century Fox Film Corporation,Production Company_33_Universal Pictures,Jan,Feb,Mar,Apr,May,Jun,Jul,Aug,Sep,Oct,Nov -> revenue (Class)",0.160528800755
120,"budgetSquare,runtimeSquare,year,Cast_121323_Bess Flowers,Cast_113_Christopher Lee,Cast_4165_John Wayne,Cast_2231_Samuel L. Jackson,Cast_3895_Michael Caine,Cast-Seg-1,Cast-Seg-2,Cast-Seg-3,Cast-Seg-4,Crew_9062_Cedric Gibbons,Crew_2952_Avy Kaufman,Crew_4350_Edith Head,Crew_102429_Roger Corman,Crew_1259_Ennio Morricone,Crew-Seg-1,Crew-Seg-2,Crew-Seg-3,Crew-Seg-4,Genre_18_Drama,Genre_35_Comedy,Genre_53_Thriller,Genre_10749_Romance,Genre_28_Action,Genre-Seg-1,Genre-Seg-2,Production Company_6194_Warner Bros.,Production Company_8411_Metro-Goldwyn-Mayer (MGM),Production Company_4_Paramount Pictures,Production Company_306_Twentieth Century Fox Film Corporation,Production Company_33_Universal Pictures,Production Country_US_United States of America,Production Country_GB_United Kingdom,Production Country_FR_France,Production Country_DE_Germany,Production Country_IT_Italy,Production Country-Seg-1,Production Country-Seg-2,Production Country-Seg-3 -> revenue (Class)",0.164305949008
121,"budgetSquare,runtimeSquare,year,Cast_121323_Bess Flowers,Cast_113_Christopher Lee,Cast_4165_John Wayne,Cast_2231_Samuel L. Jackson,Cast_3895_Michael Caine,Cast-Seg-1,Cast-Seg-2,Cast-Seg-3,Cast-Seg-4,Crew_9062_Cedric Gibbons,Crew_2952_Avy Kaufman,Crew_4350_Edith Head,Crew_102429_Roger Corman,Crew_1259_Ennio Morricone,Crew-Seg-1,Crew-Seg-2,Crew-Seg-3,Crew-Seg-4,Genre_18_Drama,Genre_35_Comedy,Genre_53_Thriller,Genre_10749_Romance,Genre_28_Action,Genre-Seg-1,Genre-Seg-2,Jan,Feb,Mar,Apr,May,Jun,Jul,Aug,Sep,Oct,Nov,Production Country_US_United States of America,Production Country_GB_United Kingdom,Production Country_FR_France,Production Country_DE_Germany,Production Country_IT_Italy,Production Country-Seg-1,Production Country-Seg-2,Production Country-Seg-3 -> revenue (Class)",0.181303116147
122,"budgetSquare,runtimeSquare,year,Cast_121323_Bess Flowers,Cast_113_Christopher Lee,Cast_4165_John Wayne,Cast_2231_Samuel L. Jackson,Cast_3895_Michael Caine,Cast-Seg-1,Cast-Seg-2,Cast-Seg-3,Cast-Seg-4,Crew_9062_Cedric Gibbons,Crew_2952_Avy Kaufman,Crew_4350_Edith Head,Crew_102429_Roger Corman,Crew_1259_Ennio Morricone,Crew-Seg-1,Crew-Seg-2,Crew-Seg-3,Crew-Seg-4,Production Company_6194_Warner Bros.,Production Company_8411_Metro-Goldwyn-Mayer (MGM),Production Company_4_Paramount Pictures,Production Company_306_Twentieth Century Fox Film Corporation,Production Company_33_Universal Pictures,Jan,Feb,Mar,Apr,May,Jun,Jul,Aug,Sep,Oct,Nov,Production Country_US_United States of America,Production Country_GB_United Kingdom,Production Country_FR_France,Production Country_DE_Germany,Production Country_IT_Italy,Production Country-Seg-1,Production Country-Seg-2,Production Country-Seg-3 -> revenue (Class)",0.167138810198
123,"budgetSquare,runtimeSquare,year,Cast_121323_Bess Flowers,Cast_113_Christopher Lee,Cast_4165_John Wayne,Cast_2231_Samuel L. Jackson,Cast_3895_Michael Caine,Cast-Seg-1,Cast-Seg-2,Cast-Seg-3,Cast-Seg-4,Genre_18_Drama,Genre_35_Comedy,Genre_53_Thriller,Genre_10749_Romance,Genre_28_Action,Genre-Seg-1,Genre-Seg-2,Production Company_6194_Warner Bros.,Production Company_8411_Metro-Goldwyn-Mayer (MGM),Production Company_4_Paramount Pictures,Production Company_306_Twentieth Century Fox Film Corporation,Production Company_33_Universal Pictures,Jan,Feb,Mar,Apr,May,Jun,Jul,Aug,Sep,Oct,Nov,Production Country_US_United States of America,Production Country_GB_United Kingdom,Production Country_FR_France,Production Country_DE_Germany,Production Country_IT_Italy,Production Country-Seg-1,Production Country-Seg-2,Production Country-Seg-3 -> revenue (Class)",0.175637393768
124,"budgetSquare,runtimeSquare,year,Crew_9062_Cedric Gibbons,Crew_2952_Avy Kaufman,Crew_4350_Edith Head,Crew_102429_Roger Corman,Crew_1259_Ennio Morricone,Crew-Seg-1,Crew-Seg-2,Crew-Seg-3,Crew-Seg-4,Genre_18_Drama,Genre_35_Comedy,Genre_53_Thriller,Genre_10749_Romance,Genre_28_Action,Genre-Seg-1,Genre-Seg-2,Production Company_6194_Warner Bros.,Production Company_8411_Metro-Goldwyn-Mayer (MGM),Production Company_4_Paramount Pictures,Production Company_306_Twentieth Century Fox Film Corporation,Production Company_33_Universal Pictures,Jan,Feb,Mar,Apr,May,Jun,Jul,Aug,Sep,Oct,Nov,Production Country_US_United States of America,Production Country_GB_United Kingdom,Production Country_FR_France,Production Country_DE_Germany,Production Country_IT_Italy,Production Country-Seg-1,Production Country-Seg-2,Production Country-Seg-3 -> revenue (Class)",0.150141643059
125,"budgetSquare,runtimeSquare,Cast_121323_Bess Flowers,Cast_113_Christopher Lee,Cast_4165_John Wayne,Cast_2231_Samuel L. Jackson,Cast_3895_Michael Caine,Cast-Seg-1,Cast-Seg-2,Cast-Seg-3,Cast-Seg-4,Crew_9062_Cedric Gibbons,Crew_2952_Avy Kaufman,Crew_4350_Edith Head,Crew_102429_Roger Corman,Crew_1259_Ennio Morricone,Crew-Seg-1,Crew-Seg-2,Crew-Seg-3,Crew-Seg-4,Genre_18_Drama,Genre_35_Comedy,Genre_53_Thriller,Genre_10749_Romance,Genre_28_Action,Genre-Seg-1,Genre-Seg-2,Production Company_6194_Warner Bros.,Production Company_8411_Metro-Goldwyn-Mayer (MGM),Production Company_4_Paramount Pictures,Production Company_306_Twentieth Century Fox Film Corporation,Production Company_33_Universal Pictures,Jan,Feb,Mar,Apr,May,Jun,Jul,Aug,Sep,Oct,Nov,Production Country_US_United States of America,Production Country_GB_United Kingdom,Production Country_FR_France,Production Country_DE_Germany,Production Country_IT_Italy,Production Country-Seg-1,Production Country-Seg-2,Production Country-Seg-3 -> revenue (Class)",0.170915958451
126,"budgetSquare,runtimeSquare,year,Cast_121323_Bess Flowers,Cast_113_Christopher Lee,Cast_4165_John Wayne,Cast_2231_Samuel L. Jackson,Cast_3895_Michael Caine,Cast-Seg-1,Cast-Seg-2,Cast-Seg-3,Cast-Seg-4,Crew_9062_Cedric Gibbons,Crew_2952_Avy Kaufman,Crew_4350_Edith Head,Crew_102429_Roger Corman,Crew_1259_Ennio Morricone,Crew-Seg-1,Crew-Seg-2,Crew-Seg-3,Crew-Seg-4,Genre_18_Drama,Genre_35_Comedy,Genre_53_Thriller,Genre_10749_Romance,Genre_28_Action,Genre-Seg-1,Genre-Seg-2,Production Company_6194_Warner Bros.,Production Company_8411_Metro-Goldwyn-Mayer (MGM),Production Company_4_Paramount Pictures,Production Company_306_Twentieth Century Fox Film Corporation,Production Company_33_Universal Pictures,Jan,Feb,Mar,Apr,May,Jun,Jul,Aug,Sep,Oct,Nov,Production Country_US_United States of America,Production Country_GB_United Kingdom,Production Country_FR_France,Production Country_DE_Germany,Production Country_IT_Italy,Production Country-Seg-1,Production Country-Seg-2,Production Country-Seg-3 -> revenue (Class)",0.19074598678
